date,latitude,longitude,unique_key,cp_sum_sqrd,lg_sum_sqrd,ft_sum_sqrd
2021-04-15,,,4407533,,,
2021-04-20,,,4408786,,,
2021-04-23,,,4410229,,,
2021-04-21,,,4409525,,,
2021-12-18,,,4488151,,,
2022-02-19,,,4503912,,,
2021-04-29,,,4411997,,,
2021-05-01,,,4412335,,,
2021-05-07,,,4414950,,,
2021-05-18,,,4419882,,,
2021-05-25,,,4420385,,,
2021-12-28,,,4490265,,,
2022-02-06,,,4504720,,,
2021-10-07,,,4464974,,,
2021-10-08,,,4465700,,,
2021-06-17,,,4428540,,,
2022-01-04,,,4491904,,,
2022-03-30,,,4517045,,,
2021-06-25,,,4431589,,,
2021-06-23,,,4430091,,,
2022-01-09,,,4493350,,,
2022-01-12,,,4494076,,,
2021-07-02,,,4434035,,,
2021-10-23,,,4472613,,,
2021-07-25,,,4440317,,,
2021-07-23,,,4441427,,,
2021-07-20,,,4441791,,,
2022-04-11,,,4517907,,,
2021-08-05,,,4445269,,,
2021-11-01,,,4474228,,,
2021-08-17,,,4448481,,,
2021-08-18,,,4450205,,,
2021-09-01,,,4452673,,,
2021-09-01,,,4453516,,,
2021-11-09,,,4475761,,,
2021-11-13,,,4477085,,,
2022-04-16,,,4520342,,,
2021-11-15,,,4477734,,,
2022-07-11,,,4545590,,,
2021-12-06,,,4484925,,,
2022-02-23,,,4505399,,,
2022-03-11,,,4509346,,,
2022-07-20,,,4548480,,,
2016-11-02,,,3552626,,,
2016-09-25,,,3527140,,,
2016-09-16,,,3521793,,,
2016-08-28,,,3510473,,,
2016-08-17,,,3502264,,,
2016-06-24,,,3468321,,,
2016-07-23,,,3487794,,,
2016-08-06,,,3496406,,,
2016-08-09,,,3497508,,,
2016-07-24,,,3487581,,,
2016-07-06,,,3476657,,,
2016-06-29,,,3471868,,,
2016-07-19,,,3485026,,,
2016-07-21,,,3486725,,,
2016-07-12,,,3478692,,,
2016-07-04,,,3474535,,,
2016-07-10,,,3477505,,,
2016-07-22,,,3485380,,,
2016-07-21,,,3490822,,,
2016-07-05,,,3488189,,,
2016-07-12,,,3478871,,,
2016-07-20,,,3485703,,,
2016-06-18,,,3463389,,,
2016-06-14,,,3461434,,,
2016-06-18,,,3463679,,,
2016-06-16,,,3462396,,,
2016-06-24,,,3469771,,,
2016-06-21,,,3466290,,,
2016-06-13,,,3461126,,,
2016-05-13,,,3448529,,,
2016-05-14,,,3441806,,,
2016-05-13,,,3441661,,,
2016-05-31,,,3448132,,,
2016-05-20,,,3451273,,,
2016-05-22,,,3445467,,,
2016-04-23,,,3415102,,,
2016-05-04,,,3435743,,,
2016-05-02,,,3433848,,,
2016-04-27,,,3434301,,,
2016-04-25,,,3433741,,,
2016-04-21,,,3424810,,,
2016-04-28,,,3432410,,,
2016-04-27,,,3434239,,,
2016-04-22,,,3418217,,,
2022-07-23,,,4548566,,,
2022-05-16,,,4528607,,,
2022-05-18,,,4528904,,,
2022-05-15,,,4531272,,,
2022-05-31,,,4535014,,,
2022-08-09,,,4553716,,,
2022-06-20,,,4539235,,,
2022-06-22,,,4541411,,,
2022-06-15,,,4541696,,,
2022-08-25,,,4558657,,,
2021-03-31,,,4404007,,,
2021-04-01,,,4403716,,,
2021-03-23,,,4401285,,,
2021-01-14,,,4383997,,,
2021-02-05,,,4390024,,,
2020-12-23,,,4378635,,,
2020-12-28,,,4379834,,,
2021-02-04,,,4389349,,,
2021-02-08,,,4390377,,,
2020-10-26,,,4361329,,,
2020-10-15,,,4357909,,,
2020-10-18,,,4358731,,,
2020-11-18,,,4368669,,,
2020-11-13,,,4367379,,,
2020-11-26,,,4370998,,,
2020-12-07,,,4374694,,,
2020-08-21,,,4340773,,,
2020-09-24,,,4352437,,,
2020-09-24,,,4353027,,,
2020-10-03,,,4354584,,,
2020-08-23,,,4341353,,,
2020-07-21,,,4332832,,,
2020-07-26,,,4347772,,,
2020-07-15,,,4330728,,,
2020-07-21,,,4330648,,,
2020-04-26,,,4310458,,,
2020-06-26,,,4326176,,,
2016-04-19,,,3431655,,,
2016-04-16,,,3413925,,,
2016-05-02,,,3434027,,,
2016-05-09,,,3441641,,,
2016-04-21,,,3414442,,,
2016-04-21,,,3406421,,,
2016-03-31,,,3426319,,,
2016-03-20,,,3406116,,,
2016-03-17,,,3407170,,,
2016-03-30,,,3426986,,,
2016-03-24,,,3405670,,,
2016-03-27,,,3408639,,,
2016-03-21,,,3412891,,,
2016-03-26,,,3408134,,,
2016-03-27,,,3408155,,,
2016-03-29,,,3411852,,,
2016-03-28,,,3408162,,,
2016-03-29,,,3425633,,,
2016-03-16,,,3423624,,,
2016-03-07,,,3401569,,,
2016-02-23,,,3393671,,,
2016-02-28,,,3396879,,,
2016-03-05,,,3400490,,,
2016-02-19,,,3391604,,,
2016-03-07,,,3401334,,,
2016-02-23,,,3393361,,,
2016-03-02,,,3397869,,,
2016-03-03,,,3399590,,,
2016-02-26,,,3395358,,,
2016-02-25,,,3395416,,,
2016-02-29,,,3396994,,,
2016-02-13,,,3388942,,,
2016-01-26,,,3377401,,,
2016-01-28,,,3379506,,,
2016-01-30,,,3380572,,,
2016-02-03,,,3382747,,,
2016-02-05,,,3384885,,,
2016-01-26,,,3377700,,,
2016-01-28,,,3379644,,,
2016-02-03,,,3383133,,,
2016-02-08,,,3386497,,,
2016-02-15,,,3394696,,,
2016-01-31,,,3380804,,,
2016-02-05,,,3384028,,,
2016-02-07,,,3385581,,,
2016-01-16,,,3374025,,,
2016-01-20,,,3376760,,,
2015-12-29,,,3361754,,,
2016-01-20,,,3375627,,,
2015-12-30,,,3362663,,,
2016-01-06,,,3366078,,,
2016-01-18,,,3373776,,,
2016-01-15,,,3371985,,,
2016-01-19,,,3375628,,,
2015-12-19,,,3355952,,,
2015-12-21,,,3362169,,,
2015-12-19,,,3356329,,,
2015-12-21,,,3357948,,,
2015-12-20,,,3358205,,,
2015-10-13,,,3315701,,,
2015-12-01,,,3346243,,,
2015-11-30,,,3344863,,,
2015-11-27,,,3343064,,,
2015-12-13,,,3352456,,,
2015-11-24,,,3341743,,,
2015-12-03,,,3346821,,,
2015-12-18,,,3355713,,,
2015-12-02,,,3345714,,,
2015-12-10,,,3352098,,,
2015-12-18,,,3355545,,,
2015-12-16,,,3354344,,,
2015-12-07,,,3348321,,,
2015-11-30,,,3345580,,,
2015-12-09,,,3350073,,,
2015-11-03,,,3328458,,,
2015-11-16,,,3336735,,,
2015-11-09,,,3332167,,,
2015-11-16,,,3335983,,,
2015-11-04,,,3328901,,,
2015-10-31,,,3327584,,,
2015-10-30,,,3327296,,,
2015-11-17,,,3336447,,,
2015-11-02,,,3327708,,,
2015-10-31,,,3326112,,,
2015-11-03,,,3329115,,,
2015-11-10,,,3332099,,,
2015-11-12,,,3333810,,,
2015-11-20,,,3339088,,,
2015-10-27,,,3324662,,,
2015-10-24,,,3321483,,,
2015-10-10,,,3313268,,,
2015-10-20,,,3319676,,,
2015-10-26,,,3322675,,,
2015-10-27,,,3324308,,,
2020-06-13,,,4320313,,,
2020-06-18,,,4321085,,,
2020-01-22,,,4277961,,,
2020-02-21,,,4292322,,,
2020-03-23,,,4303561,,,
2020-02-20,,,4291771,,,
2020-02-21,,,4291767,,,
2020-03-09,,,4307162,,,
2020-02-27,,,4294504,,,
2020-03-12,,,4299626,,,
2020-03-13,,,4300704,,,
2020-02-09,,,4286525,,,
2020-02-07,,,4286329,,,
2020-02-07,,,4286110,,,
2020-01-02,,,4270955,,,
2020-01-03,,,4269371,,,
2019-12-15,,,4258313,,,
2019-12-30,,,4266880,,,
2019-11-18,,,4272742,,,
2019-12-09,,,4255045,,,
2019-11-01,,,4234772,,,
2019-10-20,,,4226467,,,
2019-11-03,,,4235498,,,
2019-10-25,,,4230854,,,
2019-10-30,,,4232438,,,
2019-09-25,,,4215255,,,
2019-09-22,,,4211280,,,
2019-10-10,,,4221740,,,
2019-10-12,,,4222069,,,
2019-09-12,,,4207508,,,
2019-08-29,,,4196888,,,
2019-09-06,,,4201497,,,
2015-10-08,,,3311412,,,
2015-10-28,,,3324118,,,
2015-10-28,,,3325077,,,
2015-10-27,,,3324259,,,
2015-10-22,,,3320459,,,
2015-10-27,,,3323404,,,
2015-10-16,,,3316428,,,
2015-10-09,,,3312037,,,
2015-10-14,,,3316379,,,
2015-10-06,,,3309926,,,
2015-10-02,,,3307389,,,
2015-10-02,,,3307413,,,
2015-10-03,,,3308221,,,
2015-10-02,,,3350070,,,
2015-09-02,,,3289660,,,
2015-09-02,,,3289457,,,
2015-07-19,,,3261599,,,
2015-09-17,,,3298404,,,
2015-09-28,,,3305844,,,
2015-09-19,,,3300823,,,
2015-09-22,,,3302161,,,
2015-09-20,,,3301010,,,
2015-09-26,,,3303778,,,
2015-09-18,,,3299023,,,
2015-09-26,,,3304573,,,
2015-09-21,,,3301873,,,
2015-08-11,,,3276064,,,
2015-08-31,,,3288537,,,
2015-08-13,,,3276589,,,
2015-08-19,,,3280305,,,
2015-08-17,,,3280062,,,
2015-08-26,,,3285652,,,
2015-08-12,,,3277095,,,
2015-08-29,,,3286314,,,
2015-08-29,,,3286301,,,
2015-08-29,,,3286683,,,
2015-08-08,,,3273767,,,
2015-07-23,,,3263821,,,
2015-08-08,,,3273559,,,
2015-07-19,,,3260667,,,
2015-07-31,,,3268722,,,
2015-08-09,,,3274521,,,
2015-07-17,,,3261273,,,
2015-07-21,,,3263448,,,
2015-07-25,,,3265363,,,
2015-08-03,,,3271375,,,
2015-07-18,,,3261551,,,
2015-07-15,,,3258870,,,
2015-07-12,,,3256418,,,
2015-05-31,,,3230922,,,
2015-07-10,,,3255805,,,
2015-06-22,,,3245004,,,
2015-06-22,,,3244205,,,
2015-06-16,,,3240630,,,
2015-07-01,,,3253245,,,
2015-07-08,,,3254597,,,
2015-06-23,,,3245832,,,
2015-06-19,,,3242572,,,
2015-06-21,,,3242839,,,
2015-06-30,,,3250618,,,
2015-06-06,,,3234717,,,
2015-06-14,,,3239183,,,
2015-05-29,,,3229809,,,
2015-05-23,,,3226562,,,
2015-06-13,,,3239278,,,
2015-06-15,,,3241875,,,
2015-05-29,,,3230467,,,
2015-05-24,,,3226686,,,
2015-06-11,,,3238957,,,
2015-06-05,,,3234828,,,
2015-05-29,,,3231247,,,
2015-06-08,,,3236814,,,
2015-06-09,,,3236579,,,
2015-06-12,,,3238642,,,
2015-05-14,,,3223322,,,
2015-05-20,,,3225235,,,
2015-05-14,,,3220490,,,
2015-05-03,,,3213490,,,
2015-05-01,,,3212462,,,
2015-05-11,,,3219391,,,
2015-05-20,,,3224212,,,
2015-05-10,,,3218754,,,
2015-05-04,,,3214183,,,
2015-05-05,,,3215483,,,
2015-04-21,,,3207004,,,
2019-07-25,,,4177338,,,
2019-07-25,,,4176637,,,
2019-08-08,,,4185347,,,
2019-08-09,,,4185423,,,
2019-07-31,,,4180651,,,
2019-07-22,,,4176996,,,
2019-07-17,,,4172113,,,
2019-06-28,,,4167051,,,
2019-06-30,,,4162355,,,
2019-06-11,,,4149520,,,
2019-06-09,,,4148453,,,
2019-06-09,,,4148372,,,
2019-05-28,,,4141338,,,
2019-06-12,,,4150606,,,
2019-05-08,,,4128199,,,
2019-05-18,,,4134441,,,
2019-05-09,,,4128729,,,
2019-05-22,,,4137100,,,
2019-05-23,,,4137590,,,
2019-04-23,,,4119587,,,
2019-04-04,,,4108479,,,
2019-04-11,,,4113936,,,
2019-04-18,,,4116956,,,
2019-04-25,,,4121053,,,
2019-04-25,,,4121208,,,
2019-04-22,,,4119071,,,
2019-04-01,,,4106790,,,
2019-03-24,,,4102425,,,
2019-03-22,,,4102175,,,
2019-02-27,,,4088924,,,
2019-02-08,,,4077390,,,
2019-02-27,,,4088406,,,
2019-02-11,,,4078930,,,
2019-02-21,,,4084661,,,
2015-04-24,,,3208779,,,
2015-02-01,,,3163429,,,
2015-03-24,,,3192131,,,
2015-04-20,,,3205967,,,
2015-04-14,,,3202729,,,
2015-04-18,,,3205125,,,
2015-04-11,,,3201509,,,
2015-04-16,,,3203414,,,
2015-04-05,,,3198112,,,
2015-04-06,,,3198488,,,
2015-04-15,,,3203838,,,
2015-04-05,,,3198584,,,
2015-04-09,,,3200154,,,
2015-03-29,,,3194659,,,
2015-03-25,,,3191927,,,
2015-04-15,,,3203059,,,
2015-04-08,,,3199345,,,
2015-03-28,,,3193960,,,
2015-04-06,,,3199195,,,
2015-03-29,,,3193831,,,
2015-04-20,,,3205816,,,
2015-03-24,,,3192314,,,
2015-04-13,,,3202319,,,
2015-04-18,,,3207637,,,
2015-02-25,,,3176467,,,
2015-02-25,,,3175569,,,
2015-03-10,,,3183964,,,
2015-03-01,,,3179303,,,
2015-03-15,,,3186751,,,
2015-03-05,,,3181462,,,
2015-03-17,,,3188119,,,
2015-02-27,,,3178225,,,
2015-03-16,,,3187872,,,
2015-03-22,,,3190433,,,
2015-02-25,,,3175556,,,
2015-02-28,,,3177871,,,
2015-02-09,,,3170401,,,
2015-02-12,,,3167996,,,
2015-02-21,,,3173308,,,
2015-02-17,,,3171755,,,
2015-02-09,,,3167236,,,
2015-02-23,,,3174640,,,
2015-02-08,,,3165970,,,
2015-02-11,,,3167563,,,
2015-02-17,,,3171338,,,
2015-02-23,,,3175332,,,
2015-02-08,,,3166483,,,
2015-02-03,,,3163144,,,
2015-02-18,,,3171362,,,
2015-01-21,,,3156782,,,
2015-01-21,,,3157023,,,
2015-01-20,,,3156580,,,
2015-01-06,,,3148781,,,
2014-11-13,,,2966012,,,
2015-01-11,,,3151743,,,
2015-01-06,,,3148445,,,
2014-12-22,,,3141567,,,
2015-01-15,,,3153552,,,
2014-12-28,,,3144220,,,
2014-12-23,,,3141769,,,
2015-01-17,,,3155342,,,
2015-01-12,,,3152287,,,
2015-01-08,,,3150021,,,
2015-01-01,,,3146119,,,
2015-01-07,,,3149434,,,
2014-12-27,,,3144095,,,
2014-12-23,,,3142709,,,
2014-12-19,,,3139550,,,
2014-12-18,,,3139395,,,
2014-12-18,,,3139759,,,
2014-11-28,,,3128016,,,
2014-11-24,,,3125550,,,
2014-12-01,,,3130643,,,
2014-12-09,,,3133536,,,
2014-12-15,,,3137278,,,
2014-12-05,,,3131918,,,
2014-12-16,,,3137560,,,
2014-12-04,,,3131092,,,
2014-12-04,,,3130863,,,
2014-11-25,,,3126477,,,
2014-12-11,,,3135589,,,
2014-12-08,,,3133814,,,
2014-11-26,,,3127581,,,
2014-10-29,,,2815777,,,
2014-11-02,,,2817379,,,
2014-11-17,,,2865764,,,
2014-11-20,,,2827854,,,
2014-11-20,,,2827167,,,
2014-11-03,,,2818071,,,
2014-11-11,,,2822628,,,
2014-11-21,,,2828183,,,
2014-11-01,,,2818154,,,
2014-11-08,,,3035384,,,
2014-11-01,,,2822110,,,
2014-11-01,,,3097970,,,
2014-11-11,,,2822181,,,
2014-11-19,,,2826613,,,
2014-11-04,,,2819050,,,
2014-10-25,,,2914800,,,
2014-10-26,,,2814295,,,
2014-10-25,,,2914801,,,
2014-09-07,,,1020727,,,
2014-08-05,,,2934904,,,
2014-08-05,,,1003859,,,
2014-08-03,,,2934898,,,
2014-10-16,,,2809507,,,
2014-10-06,,,1034476,,,
2014-10-14,,,1954800,,,
2019-02-18,,,4083174,,,
2019-01-19,,,4058354,,,
2019-01-17,,,4056696,,,
2019-02-02,,,4073254,,,
2019-02-02,,,4073603,,,
2019-02-02,,,4073265,,,
2019-01-02,,,4060909,,,
2019-01-05,,,4062575,,,
2018-10-29,,,4010739,,,
2018-12-12,,,4043074,,,
2018-12-18,,,4047517,,,
2018-12-14,,,4044523,,,
2018-12-10,,,4047169,,,
2018-12-14,,,4045240,,,
2018-12-11,,,4042983,,,
2018-12-13,,,4044065,,,
2018-12-28,,,4054388,,,
2018-12-05,,,4046558,,,
2018-11-19,,,4029108,,,
2018-11-27,,,4048270,,,
2018-10-29,,,4010863,,,
2018-10-23,,,4006096,,,
2018-11-09,,,4018117,,,
2018-10-04,,,3994521,,,
2018-10-13,,,3999196,,,
2018-10-13,,,4000104,,,
2018-10-06,,,3996671,,,
2018-09-08,,,3976881,,,
2018-09-20,,,3985245,,,
2018-09-19,,,3984287,,,
2018-09-08,,,3978156,,,
2018-09-21,,,3986243,,,
2018-08-12,,,3960406,,,
2018-08-05,,,3965787,,,
2018-08-16,,,3962956,,,
2014-10-10,,,2914755,,,
2014-10-05,,,1034116,,,
2014-09-28,,,1031062,,,
2014-10-18,,,2928196,,,
2014-09-27,,,1031414,,,
2014-10-21,,,2812866,,,
2014-09-30,,,1032598,,,
2014-09-27,,,1029844,,,
2014-09-29,,,1032074,,,
2014-09-10,,,1021656,,,
2014-09-10,,,1022173,,,
2014-09-15,,,2968593,,,
2014-08-31,,,3024220,,,
2014-09-23,,,1031501,,,
2014-09-11,,,1023089,,,
2014-09-09,,,1021628,,,
2014-09-05,,,1019393,,,
2014-09-09,,,1021607,,,
2014-09-19,,,1027300,,,
2014-09-19,,,1026809,,,
2014-08-28,,,1015493,,,
2014-08-12,,,1007795,,,
2014-08-28,,,1014983,,,
2014-08-09,,,1006440,,,
2014-08-24,,,1013739,,,
2014-08-20,,,1011986,,,
2014-08-09,,,2984239,,,
2014-08-27,,,1015346,,,
2014-08-23,,,2914618,,,
2014-08-05,,,1004208,,,
2014-08-17,,,1012605,,,
2014-07-11,,,364026,,,
2014-06-23,,,356317,,,
2014-05-20,,,338395,,,
2014-07-23,,,997690,,,
2014-07-14,,,875259,,,
2014-07-05,,,930706,,,
2014-07-22,,,997341,,,
2014-07-27,,,1000053,,,
2014-07-19,,,996014,,,
2014-07-15,,,554624,,,
2014-07-15,,,987882,,,
2014-07-25,,,998411,,,
2014-07-26,,,999795,,,
2014-06-13,,,351382,,,
2014-06-27,,,3046626,,,
2014-06-07,,,348372,,,
2014-06-16,,,352357,,,
2014-06-04,,,2927983,,,
2014-06-06,,,2934821,,,
2014-06-20,,,354961,,,
2014-06-07,,,347954,,,
2014-06-16,,,352296,,,
2014-06-25,,,357748,,,
2014-06-27,,,358792,,,
2014-06-05,,,346927,,,
2014-06-11,,,350777,,,
2014-06-03,,,346598,,,
2014-05-16,,,336259,,,
2014-05-30,,,344054,,,
2014-05-31,,,344875,,,
2014-05-20,,,338649,,,
2014-05-15,,,336137,,,
2014-05-19,,,337952,,,
2014-05-27,,,341914,,,
2014-05-31,,,345457,,,
2014-05-27,,,2934805,,,
2014-05-24,,,340856,,,
2014-05-08,,,331920,,,
2014-05-11,,,334310,,,
2014-05-13,,,334464,,,
2014-05-16,,,337478,,,
2014-06-01,,,2834264,,,
2014-05-08,,,2914231,,,
2014-05-24,,,340582,,,
2014-05-08,,,332586,,,
2014-02-28,,,2927821,,,
2014-04-28,,,326695,,,
2014-04-18,,,322032,,,
2014-04-17,,,322177,,,
2014-04-25,,,325983,,,
2014-04-13,,,319700,,,
2014-04-20,,,323500,,,
2014-04-11,,,319422,,,
2014-04-21,,,323192,,,
2014-04-28,,,2841075,,,
2014-03-12,,,306542,,,
2014-03-11,,,306663,,,
2018-07-26,,,3948901,,,
2018-07-18,,,3944053,,,
2018-07-10,,,3938856,,,
2018-07-26,,,3949648,,,
2018-07-18,,,3943882,,,
2018-06-30,,,3932340,,,
2018-06-26,,,3931600,,,
2018-06-27,,,3929954,,,
2018-06-28,,,3930596,,,
2018-06-21,,,3927474,,,
2018-06-26,,,3930103,,,
2018-06-02,,,3914257,,,
2018-05-26,,,3909064,,,
2018-06-01,,,3912541,,,
2018-05-28,,,3909773,,,
2018-03-14,,,4025736,,,
2018-05-02,,,3894611,,,
2018-04-14,,,3881641,,,
2018-03-29,,,3872627,,,
2018-04-19,,,3885857,,,
2018-04-11,,,3878765,,,
2018-03-28,,,3870944,,,
2018-03-31,,,3872770,,,
2018-03-12,,,3861460,,,
2018-03-02,,,4025724,,,
2017-12-14,,,3808945,,,
2018-02-22,,,3851496,,,
2018-02-07,,,3842854,,,
2018-02-14,,,3846106,,,
2018-02-14,,,3847460,,,
2018-02-15,,,3847188,,,
2014-03-17,,,3046363,,,
2014-03-19,,,308403,,,
2014-04-02,,,314109,,,
2014-03-11,,,306912,,,
2014-03-28,,,312369,,,
2014-03-21,,,2889498,,,
2014-03-19,,,308552,,,
2014-03-19,,,308201,,,
2014-03-22,,,309515,,,
2014-03-10,,,254984,,,
2014-03-28,,,312024,,,
2014-03-06,,,37573,,,
2014-02-22,,,85051,,,
2014-02-28,,,92044,,,
2014-02-14,,,292917,,,
2014-02-10,,,292858,,,
2014-02-12,,,292895,,,
2014-02-28,,,245414,,,
2014-02-13,,,290531,,,
2014-02-06,,,290449,,,
2014-02-06,,,88353,,,
2014-03-01,,,279303,,,
2014-02-14,,,267934,,,
2014-02-02,,,227417,,,
2014-02-04,,,184407,,,
2014-02-01,,,2913978,,,
2014-02-02,,,3046264,,,
2014-02-01,,,2913977,,,
2014-02-01,,,272217,,,
2014-01-02,,,2992846,,,
2013-11-14,,,2913791,,,
2014-01-28,,,300852,,,
2014-01-11,,,44289,,,
2014-01-09,,,244801,,,
2014-01-13,,,106491,,,
2014-01-23,,,278858,,,
2014-01-29,,,300856,,,
2014-01-12,,,232643,,,
2014-01-25,,,284245,,,
2014-01-29,,,125398,,,
2014-01-26,,,238194,,,
2014-01-11,,,140286,,,
2014-01-21,,,102473,,,
2014-01-21,,,3123109,,,
2014-01-30,,,147259,,,
2014-01-10,,,267694,,,
2014-01-30,,,267834,,,
2014-01-28,,,267820,,,
2014-01-21,,,292668,,,
2013-12-16,,,115898,,,
2013-12-16,,,3056853,,,
2013-12-08,,,120614,,,
2013-12-11,,,94414,,,
2013-12-20,,,200683,,,
2013-12-20,,,2897712,,,
2013-11-12,,,178720,,,
2013-12-03,,,88033,,,
2013-11-17,,,283677,,,
2013-11-18,,,253129,,,
2013-11-18,,,2919258,,,
2013-11-08,,,244095,,,
2013-12-02,,,109069,,,
2013-11-25,,,112780,,,
2013-11-13,,,207708,,,
2013-11-17,,,133983,,,
2013-11-25,,,146979,,,
2013-11-13,,,303574,,,
2013-11-28,,,169503,,,
2013-11-14,,,98912,,,
2013-11-30,,,2934583,,,
2013-11-16,,,253100,,,
2013-11-27,,,169501,,,
2013-11-20,,,289809,,,
2013-11-28,,,63367,,,
2013-12-02,,,147023,,,
2013-11-26,,,202019,,,
2013-11-08,,,84264,,,
2013-10-29,,,200440,,,
2013-10-15,,,94185,,,
2013-10-21,,,225864,,,
2013-11-01,,,143821,,,
2013-10-17,,,94171,,,
2013-10-21,,,291739,,,
2013-10-11,,,2897613,,,
2013-10-26,,,172156,,,
2013-10-16,,,84110,,,
2013-10-25,,,197107,,,
2013-10-31,,,2889310,,,
2013-10-04,,,252431,,,
2013-09-27,,,271217,,,
2013-09-19,,,146674,,,
2013-09-24,,,2864932,,,
2013-09-17,,,2921966,,,
2013-09-11,,,266804,,,
2013-09-11,,,262674,,,
2013-09-12,,,178355,,,
2013-09-25,,,207248,,,
2013-09-27,,,252326,,,
2013-09-19,,,59066,,,
2018-01-22,,,3833708,,,
2017-12-24,,,3815426,,,
2017-12-08,,,3806104,,,
2017-11-13,,,3789920,,,
2017-11-09,,,3786853,,,
2017-11-29,,,3800828,,,
2017-11-28,,,3798779,,,
2017-11-27,,,3798896,,,
2017-11-04,,,3785507,,,
2017-11-06,,,3784554,,,
2017-11-06,,,3784748,,,
2017-09-21,,,3754806,,,
2017-10-10,,,3766513,,,
2017-10-03,,,3762741,,,
2017-09-29,,,3760156,,,
2017-07-12,,,3710558,,,
2017-08-25,,,3738392,,,
2017-08-31,,,3754487,,,
2017-09-10,,,3747450,,,
2017-09-18,,,3752665,,,
2017-09-03,,,3742178,,,
2017-09-18,,,3752946,,,
2017-08-29,,,3739740,,,
2017-07-31,,,3722277,,,
2017-08-23,,,3750322,,,
2017-08-10,,,3728229,,,
2017-08-11,,,3729246,,,
2017-08-03,,,3725429,,,
2013-09-25,,,291525,,,
2013-08-23,,,124321,,,
2013-08-14,,,61294,,,
2013-08-19,,,158690,,,
2013-09-09,,,266784,,,
2013-08-27,,,277228,,,
2013-09-07,,,143476,,,
2013-08-18,,,2927578,,,
2013-08-21,,,243210,,,
2013-08-24,,,196675,,,
2013-08-31,,,83772,,,
2013-08-06,,,291070,,,
2013-07-28,,,2957707,,,
2013-07-22,,,290949,,,
2013-07-16,,,83463,,,
2013-08-05,,,2879540,,,
2013-07-10,,,55465,,,
2013-07-22,,,251400,,,
2013-07-31,,,266568,,,
2013-08-05,,,2889159,,,
2013-07-16,,,290918,,,
2013-07-31,,,2919130,,,
2013-07-29,,,2957708,,,
2013-07-27,,,3045696,,,
2013-08-01,,,69359,,,
2013-07-13,,,2873276,,,
2013-07-10,,,211252,,,
2013-07-03,,,216869,,,
2013-06-17,,,298557,,,
2013-06-28,,,2864747,,,
2013-06-20,,,3125203,,,
2013-06-25,,,216802,,,
2013-07-04,,,115172,,,
2013-06-17,,,216725,,,
2013-06-21,,,250904,,,
2013-07-02,,,2913311,,,
2013-06-30,,,128140,,,
2013-05-24,,,250454,,,
2013-05-26,,,2879440,,,
2013-05-22,,,79714,,,
2013-05-14,,,2897304,,,
2013-03-27,,,210503,,,
2013-03-16,,,2976094,,,
2013-04-29,,,250093,,,
2013-05-12,,,235731,,,
2013-05-07,,,223523,,,
2013-04-24,,,2965243,,,
2013-04-21,,,153927,,,
2013-05-01,,,101241,,,
2013-04-30,,,15204,,,
2013-05-02,,,90280,,,
2013-05-08,,,250205,,,
2013-05-05,,,104835,,,
2013-05-04,,,302642,,,
2013-04-15,,,74240,,,
2013-04-13,,,230270,,,
2013-04-02,,,275551,,,
2013-04-03,,,281741,,,
2013-04-15,,,90182,,,
2013-04-01,,,241687,,,
2013-04-04,,,2927362,,,
2013-03-23,,,261342,,,
2013-04-07,,,2848811,,,
2013-04-15,,,177399,,,
2013-04-15,,,261490,,,
2013-04-01,,,3023639,,,
2013-03-23,,,82601,,,
2013-04-11,,,205917,,,
2013-02-28,,,2983351,,,
2013-02-25,,,157473,,,
2013-02-20,,,2912896,,,
2013-02-28,,,3017315,,,
2013-03-09,,,68894,,,
2013-02-26,,,265596,,,
2013-03-01,,,3023604,,,
2013-03-04,,,100979,,,
2017-07-26,,,3721390,,,
2017-07-22,,,3716236,,,
2017-07-08,,,3706975,,,
2017-06-11,,,3689061,,,
2017-05-31,,,3685394,,,
2017-06-08,,,3687337,,,
2017-06-09,,,3689263,,,
2017-06-06,,,3685004,,,
2017-05-18,,,3672567,,,
2017-05-19,,,3675789,,,
2017-05-13,,,3669690,,,
2017-05-06,,,3664095,,,
2017-05-04,,,3663693,,,
2017-05-01,,,3661290,,,
2017-04-06,,,3648424,,,
2017-03-31,,,3642238,,,
2017-03-17,,,3639348,,,
2017-02-09,,,3618203,,,
2017-01-30,,,3608070,,,
2017-02-09,,,3613040,,,
2017-02-07,,,3611720,,,
2017-01-25,,,3607918,,,
2017-01-13,,,3598540,,,
2017-01-21,,,3601810,,,
2016-12-26,,,3587385,,,
2017-01-08,,,3594817,,,
2017-01-01,,,3590059,,,
2017-01-03,,,3591756,,,
2017-01-10,,,3596035,,,
2016-12-12,,,3578691,,,
2016-12-05,,,3573609,,,
2016-11-26,,,3567565,,,
2016-11-17,,,3564556,,,
2016-11-30,,,3570581,,,
2016-11-05,,,3558494,,,
2016-10-20,,,3544523,,,
2013-03-03,,,127368,,,
2013-03-14,,,261269,,,
2013-03-03,,,215557,,,
2013-03-07,,,2864494,,,
2013-02-11,,,248974,,,
2013-02-13,,,73847,,,
2013-02-14,,,114533,,,
2012-12-15,,,3096970,,,
2013-02-06,,,107801,,,
2013-02-08,,,296523,,,
2013-01-23,,,157236,,,
2013-01-19,,,86275,,,
2013-01-12,,,226380,,,
2013-02-04,,,222327,,,
2013-01-29,,,260962,,,
2013-01-25,,,281209,,,
2013-02-06,,,296601,,,
2013-01-29,,,157269,,,
2013-01-02,,,79254,,,
2012-12-23,,,2848624,,,
2013-01-06,,,248430,,,
2012-12-27,,,2918876,,,
2012-12-23,,,234588,,,
2012-12-16,,,96238,,,
2012-12-27,,,248293,,,
2012-12-23,,,3017165,,,
2012-12-01,,,2897024,,,
2012-11-16,,,209606,,,
2012-12-04,,,3017114,,,
2012-11-30,,,2965082,,,
2012-11-27,,,198862,,,
2012-11-17,,,269002,,,
2012-11-15,,,192123,,,
2012-12-03,,,117559,,,
2012-11-30,,,240352,,,
2012-12-07,,,86060,,,
2012-12-04,,,256119,,,
2012-11-27,,,265023,,,
2012-11-14,,,2918818,,,
2012-11-09,,,148431,,,
2012-11-11,,,2872982,,,
2012-11-11,,,229026,,,
2012-11-08,,,2879168,,,
2012-08-23,,,2912304,,,
2012-08-16,,,2983113,,,
2012-08-13,,,2888550,,,
2012-10-24,,,221010,,,
2012-11-04,,,117281,,,
2012-11-07,,,214451,,,
2012-10-13,,,260181,,,
2012-10-18,,,81568,,,
2012-11-07,,,76699,,,
2012-10-26,,,2836726,,,
2012-11-08,,,3079132,,,
2012-11-06,,,260380,,,
2012-11-08,,,117325,,,
2012-10-16,,,220878,,,
2012-10-09,,,233963,,,
2012-10-19,,,89182,,,
2012-10-22,,,2997625,,,
2012-10-25,,,70556,,,
2012-10-10,,,2912465,,,
2012-09-26,,,9805,,,
2012-09-19,,,107217,,,
2012-09-18,,,156357,,,
2012-09-13,,,9743,,,
2012-09-20,,,301631,,,
2012-10-03,,,247040,,,
2012-09-26,,,246946,,,
2012-10-01,,,2864227,,,
2012-09-11,,,103205,,,
2012-09-06,,,2918734,,,
2012-08-27,,,259797,,,
2012-09-01,,,233606,,,
2012-09-02,,,233617,,,
2012-08-17,,,2888555,,,
2012-08-26,,,268439,,,
2012-08-24,,,103074,,,
2012-09-05,,,156274,,,
2012-08-09,,,255293,,,
2012-07-20,,,3044707,,,
2012-07-17,,,2833700,,,
2012-07-07,,,32104,,,
2012-07-24,,,238871,,,
2012-08-05,,,191699,,,
2012-08-05,,,184674,,,
2012-07-24,,,284889,,,
2012-07-11,,,106932,,,
2012-07-15,,,125770,,,
2012-07-20,,,85290,,,
2012-08-04,,,68267,,,
2012-07-27,,,2896788,,,
2012-07-30,,,208927,,,
2012-07-07,,,2912114,,,
2012-07-02,,,88549,,,
2012-07-07,,,94945,,,
2022-09-12,,,4563400,,,
2022-10-01,,,4568962,,,
2022-10-08,,,4572454,,,
2022-10-16,,,4573258,,,
2022-10-30,,,4577167,,,
2022-11-05,,,4580177,,,
2021-09-08,,,4457947,,,
2021-04-25,,,4411589,,,
2021-05-08,,,4414875,,,
2021-09-30,,,4462924,,,
2021-06-03,,,4423423,,,
2021-06-14,,,4426714,,,
2022-01-05,,,4492251,,,
2022-01-05,,,4493941,,,
2021-07-01,,,4435720,,,
2021-07-08,,,4436126,,,
2022-07-05,,,4544084,,,
2022-01-20,,,4496031,,,
2022-04-11,,,4518200,,,
2021-07-22,,,4442413,,,
2022-01-24,,,4497024,,,
2022-01-24,,,4497038,,,
2022-07-06,,,4544180,,,
2021-08-14,,,4447779,,,
2021-08-19,,,4448995,,,
2022-01-27,,,4499034,,,
2021-09-04,,,4454316,,,
2022-06-30,,,4544719,,,
2021-09-09,,,4455329,,,
2021-09-10,,,4455746,,,
2021-11-19,,,4479778,,,
2022-04-22,,,4521034,,,
2021-11-27,,,4482039,,,
2021-12-01,,,4483202,,,
