date,num_collisions
2012-07-01,453
2012-07-02,477
2012-07-03,583
2012-07-04,361
2012-07-05,503
2012-07-06,550
2012-07-07,422
2012-07-08,386
2012-07-09,446
2012-07-10,455
2012-07-11,479
2012-07-12,492
2012-07-13,504
2012-07-14,448
2012-07-15,412
2012-07-16,463
2012-07-17,541
2012-07-18,474
2012-07-19,436
2012-07-20,525
2012-07-21,442
2012-07-22,433
2012-07-23,434
2012-07-24,486
2012-07-25,527
2012-07-26,525
2012-07-27,542
2012-07-28,449
2012-07-29,321
2012-07-30,463
2012-07-31,455
2012-08-01,507
2012-08-02,471
2012-08-03,499
2012-08-04,475
2012-08-05,431
2012-08-06,502
2012-08-07,471
2012-08-08,466
2012-08-09,501
2012-08-10,539
2012-08-11,427
2012-08-12,431
2012-08-13,426
2012-08-14,448
2012-08-15,507
2012-08-16,518
2012-08-17,480
2012-08-18,457
2012-08-19,404
2012-08-20,411
2012-08-21,408
2012-08-22,435
2012-08-23,488
2012-08-24,499
2012-08-25,408
2012-08-26,376
2012-08-27,462
2012-08-28,501
2012-08-29,465
2012-08-30,519
2012-08-31,595
2012-09-01,432
2012-09-02,357
2012-09-03,324
2012-09-04,514
2012-09-05,512
2012-09-06,486
2012-09-07,585
2012-09-08,510
2012-09-09,398
2012-09-10,541
2012-09-11,441
2012-09-12,553
2012-09-13,538
2012-09-14,530
2012-09-15,468
2012-09-16,379
2012-09-17,387
2012-09-18,480
2012-09-19,523
2012-09-20,446
2012-09-21,556
2012-09-22,465
2012-09-23,401
2012-09-24,488
2012-09-25,516
2012-09-26,339
2012-09-27,533
2012-09-28,588
2012-09-29,429
2012-09-30,382
2012-10-01,455
2012-10-02,515
2012-10-03,422
2012-10-04,472
2012-10-05,586
2012-10-06,422
2012-10-07,414
2012-10-08,311
2012-10-09,491
2012-10-10,546
2012-10-11,567
2012-10-12,493
2012-10-13,468
2012-10-14,435
2012-10-15,512
2012-10-16,501
2012-10-17,511
2012-10-18,527
2012-10-19,649
2012-10-20,522
2012-10-21,356
2012-10-22,516
2012-10-23,441
2012-10-24,415
2012-10-25,439
2012-10-26,497
2012-10-27,430
2012-10-28,334
2012-10-29,265
2012-10-30,315
2012-10-31,464
2012-11-01,375
2012-11-02,294
2012-11-03,265
2012-11-04,287
2012-11-05,405
2012-11-06,420
2012-11-07,601
2012-11-08,470
2012-11-09,585
2012-11-10,388
2012-11-11,448
2012-11-12,466
2012-11-13,558
2012-11-14,517
2012-11-15,496
2012-11-16,566
2012-11-17,458
2012-11-18,375
2012-11-19,503
2012-11-20,563
2012-11-21,579
2012-11-22,329
2012-11-23,399
2012-11-24,394
2012-11-25,371
2012-11-26,482
2012-11-27,509
2012-11-28,435
2012-11-29,442
2012-11-30,490
2012-12-01,424
2012-12-02,386
2012-12-03,535
2012-12-04,528
2012-12-05,438
2012-12-06,543
2012-12-07,601
2012-12-08,497
2012-12-09,462
2012-12-10,530
2012-12-11,490
2012-12-12,466
2012-12-13,471
2012-12-14,562
2012-12-15,438
2012-12-16,410
2012-12-17,540
2012-12-18,555
2012-12-19,502
2012-12-20,503
2012-12-21,647
2012-12-22,446
2012-12-23,344
2012-12-24,430
2012-12-25,309
2012-12-26,455
2012-12-27,448
2012-12-28,466
2012-12-29,388
2012-12-30,348
2012-12-31,420
2013-01-01,328
2013-01-02,402
2013-01-03,469
2013-01-04,439
2013-01-05,328
2013-01-06,343
2013-01-07,433
2013-01-08,432
2013-01-09,418
2013-01-10,472
2013-01-11,558
2013-01-12,398
2013-01-13,312
2013-01-14,454
2013-01-15,446
2013-01-16,497
2013-01-17,428
2013-01-18,470
2013-01-19,403
2013-01-20,331
2013-01-21,297
2013-01-22,443
2013-01-23,455
2013-01-24,487
2013-01-25,587
2013-01-26,488
2013-01-27,359
2013-01-28,438
2013-01-29,449
2013-01-30,427
2013-01-31,486
2013-02-01,500
2013-02-02,469
2013-02-03,386
2013-02-04,474
2013-02-05,488
2013-02-06,476
2013-02-07,447
2013-02-08,612
2013-02-09,360
2013-02-10,334
2013-02-11,395
2013-02-12,433
2013-02-13,483
2013-02-14,517
2013-02-15,514
2013-02-16,388
2013-02-17,381
2013-02-18,329
2013-02-19,411
2013-02-20,434
2013-02-21,425
2013-02-22,442
2013-02-23,453
2013-02-24,357
2013-02-25,417
2013-02-26,449
2013-02-27,467
2013-02-28,433
2013-03-01,505
2013-03-02,394
2013-03-03,415
2013-03-04,512
2013-03-05,437
2013-03-06,414
2013-03-07,466
2013-03-08,753
2013-03-09,468
2013-03-10,356
2013-03-11,445
2013-03-12,463
2013-03-13,540
2013-03-14,475
2013-03-15,517
2013-03-16,445
2013-03-17,365
2013-03-18,533
2013-03-19,469
2013-03-20,466
2013-03-21,425
2013-03-22,509
2013-03-23,413
2013-03-24,393
2013-03-25,420
2013-03-26,361
2013-03-27,388
2013-03-28,483
2013-03-29,439
2013-03-30,438
2013-03-31,369
2013-04-01,407
2013-04-02,366
2013-04-03,446
2013-04-04,485
2013-04-05,500
2013-04-06,459
2013-04-07,390
2013-04-08,508
2013-04-09,526
2013-04-10,508
2013-04-11,443
2013-04-12,557
2013-04-13,468
2013-04-14,401
2013-04-15,505
2013-04-16,492
2013-04-17,453
2013-04-18,471
2013-04-19,473
2013-04-20,455
2013-04-21,381
2013-04-22,479
2013-04-23,447
2013-04-24,505
2013-04-25,489
2013-04-26,574
2013-04-27,426
2013-04-28,366
2013-04-29,529
2013-04-30,500
2013-05-01,502
2013-05-02,506
2013-05-03,582
2013-05-04,491
2013-05-05,443
2013-05-06,479
2013-05-07,500
2013-05-08,542
2013-05-09,511
2013-05-10,597
2013-05-11,443
2013-05-12,443
2013-05-13,490
2013-05-14,474
2013-05-15,446
2013-05-16,475
2013-05-17,638
2013-05-18,443
2013-05-19,472
2013-05-20,565
2013-05-21,609
2013-05-22,478
2013-05-23,640
2013-05-24,557
2013-05-25,438
2013-05-26,389
2013-05-27,361
2013-05-28,581
2013-05-29,496
2013-05-30,589
2013-05-31,633
2013-06-01,541
2013-06-02,417
2013-06-03,591
2013-06-04,508
2013-06-05,502
2013-06-06,509
2013-06-07,678
2013-06-08,486
2013-06-09,446
2013-06-10,537
2013-06-11,528
2013-06-12,525
2013-06-13,461
2013-06-14,599
2013-06-15,510
2013-06-16,392
2013-06-17,507
2013-06-18,519
2013-06-19,554
2013-06-20,579
2013-06-21,588
2013-06-22,503
2013-06-23,426
2013-06-24,578
2013-06-25,545
2013-06-26,529
2013-06-27,503
2013-06-28,511
2013-06-29,493
2013-06-30,367
2013-07-01,539
2013-07-02,496
2013-07-03,513
2013-07-04,364
2013-07-05,484
2013-07-06,422
2013-07-07,405
2013-07-08,508
2013-07-09,476
2013-07-10,504
2013-07-11,465
2013-07-12,507
2013-07-13,474
2013-07-14,401
2013-07-15,481
2013-07-16,477
2013-07-17,507
2013-07-18,541
2013-07-19,581
2013-07-20,455
2013-07-21,363
2013-07-22,492
2013-07-23,486
2013-07-24,475
2013-07-25,431
2013-07-26,523
2013-07-27,444
2013-07-28,408
2013-07-29,506
2013-07-30,486
2013-07-31,463
2013-08-01,538
2013-08-02,526
2013-08-03,422
2013-08-04,375
2013-08-05,456
2013-08-06,459
2013-08-07,428
2013-08-08,448
2013-08-09,496
2013-08-10,408
2013-08-11,401
2013-08-12,423
2013-08-13,460
2013-08-14,521
2013-08-15,503
2013-08-16,550
2013-08-17,405
2013-08-18,371
2013-08-19,384
2013-08-20,457
2013-08-21,490
2013-08-22,490
2013-08-23,515
2013-08-24,449
2013-08-25,381
2013-08-26,433
2013-08-27,412
2013-08-28,400
2013-08-29,486
2013-08-30,490
2013-08-31,403
2013-09-01,404
2013-09-02,362
2013-09-03,467
2013-09-04,480
2013-09-05,403
2013-09-06,445
2013-09-07,484
2013-09-08,431
2013-09-09,535
2013-09-10,515
2013-09-11,503
2013-09-12,590
2013-09-13,550
2013-09-14,437
2013-09-15,402
2013-09-16,486
2013-09-17,542
2013-09-18,474
2013-09-19,439
2013-09-20,541
2013-09-21,456
2013-09-22,478
2013-09-23,556
2013-09-24,507
2013-09-25,441
2013-09-26,445
2013-09-27,461
2013-09-28,463
2013-09-29,427
2013-09-30,502
2013-10-01,503
2013-10-02,530
2013-10-03,509
2013-10-04,563
2013-10-05,418
2013-10-06,340
2013-10-07,520
2013-10-08,475
2013-10-09,449
2013-10-10,467
2013-10-11,532
2013-10-12,465
2013-10-13,417
2013-10-14,365
2013-10-15,506
2013-10-16,469
2013-10-17,481
2013-10-18,578
2013-10-19,404
2013-10-20,408
2013-10-21,518
2013-10-22,463
2013-10-23,480
2013-10-24,532
2013-10-25,532
2013-10-26,506
2013-10-27,420
2013-10-28,523
2013-10-29,498
2013-10-30,470
2013-10-31,516
2013-11-01,598
2013-11-02,466
2013-11-03,345
2013-11-04,565
2013-11-05,429
2013-11-06,526
2013-11-07,542
2013-11-08,567
2013-11-09,466
2013-11-10,407
2013-11-11,391
2013-11-12,537
2013-11-13,487
2013-11-14,521
2013-11-15,516
2013-11-16,513
2013-11-17,429
2013-11-18,503
2013-11-19,492
2013-11-20,506
2013-11-21,519
2013-11-22,587
2013-11-23,455
2013-11-24,413
2013-11-25,601
2013-11-26,732
2013-11-27,610
2013-11-28,354
2013-11-29,367
2013-11-30,411
2013-12-01,350
2013-12-02,461
2013-12-03,463
2013-12-04,423
2013-12-05,483
2013-12-06,651
2013-12-07,479
2013-12-08,376
2013-12-09,525
2013-12-10,454
2013-12-11,522
2013-12-12,540
2013-12-13,566
2013-12-14,584
2013-12-15,383
2013-12-16,529
2013-12-17,616
2013-12-18,595
2013-12-19,509
2013-12-20,547
2013-12-21,484
2013-12-22,426
2013-12-23,590
2013-12-24,427
2013-12-25,225
2013-12-26,353
2013-12-27,392
2013-12-28,378
2013-12-29,327
2013-12-30,403
2013-12-31,397
2014-01-01,341
2014-01-02,505
2014-01-03,357
2014-01-04,352
2014-01-05,267
2014-01-06,436
2014-01-07,409
2014-01-08,522
2014-01-09,472
2014-01-10,569
2014-01-11,390
2014-01-12,320
2014-01-13,483
2014-01-14,479
2014-01-15,494
2014-01-16,448
2014-01-17,501
2014-01-18,369
2014-01-19,311
2014-01-20,298
2014-01-21,959
2014-01-22,436
2014-01-23,514
2014-01-24,574
2014-01-25,405
2014-01-26,382
2014-01-27,424
2014-01-28,435
2014-01-29,568
2014-01-30,561
2014-01-31,481
2014-02-01,409
2014-02-02,357
2014-02-03,812
2014-02-04,517
2014-02-05,412
2014-02-06,463
2014-02-07,576
2014-02-08,352
2014-02-09,383
2014-02-10,579
2014-02-11,529
2014-02-12,534
2014-02-13,371
2014-02-14,681
2014-02-15,435
2014-02-16,396
2014-02-17,396
2014-02-18,442
2014-02-19,466
2014-02-20,459
2014-02-21,460
2014-02-22,481
2014-02-23,341
2014-02-24,469
2014-02-25,424
2014-02-26,425
2014-02-27,477
2014-02-28,547
2014-03-01,403
2014-03-02,290
2014-03-03,370
2014-03-04,452
2014-03-05,419
2014-03-06,478
2014-03-07,443
2014-03-08,427
2014-03-09,338
2014-03-10,427
2014-03-11,437
2014-03-12,440
2014-03-13,444
2014-03-14,503
2014-03-15,411
2014-03-16,353
2014-03-17,446
2014-03-18,462
2014-03-19,443
2014-03-20,517
2014-03-21,497
2014-03-22,411
2014-03-23,370
2014-03-24,444
2014-03-25,413
2014-03-26,469
2014-03-27,457
2014-03-28,450
2014-03-29,491
2014-03-30,371
2014-03-31,461
2014-04-01,466
2014-04-02,441
2014-04-03,497
2014-04-04,511
2014-04-05,490
2014-04-06,406
2014-04-07,432
2014-04-08,514
2014-04-09,509
2014-04-10,552
2014-04-11,523
2014-04-12,475
2014-04-13,407
2014-04-14,415
2014-04-15,382
2014-04-16,469
2014-04-17,416
2014-04-18,409
2014-04-19,436
2014-04-20,327
2014-04-21,421
2014-04-22,375
2014-04-23,452
2014-04-24,499
2014-04-25,522
2014-04-26,466
2014-04-27,359
2014-04-28,515
2014-04-29,472
2014-04-30,564
2014-05-01,543
2014-05-02,570
2014-05-03,487
2014-05-04,385
2014-05-05,527
2014-05-06,463
2014-05-07,502
2014-05-08,498
2014-05-09,477
2014-05-10,451
2014-05-11,488
2014-05-12,489
2014-05-13,445
2014-05-14,528
2014-05-15,553
2014-05-16,591
2014-05-17,502
2014-05-18,419
2014-05-19,490
2014-05-20,532
2014-05-21,463
2014-05-22,491
2014-05-23,543
2014-05-24,419
2014-05-25,401
2014-05-26,356
2014-05-27,514
2014-05-28,447
2014-05-29,558
2014-05-30,543
2014-05-31,503
2014-06-01,499
2014-06-02,542
2014-06-03,559
2014-06-04,475
2014-06-05,491
2014-06-06,623
2014-06-07,524
2014-06-08,439
2014-06-09,444
2014-06-10,480
2014-06-11,473
2014-06-12,466
2014-06-13,597
2014-06-14,519
2014-06-15,405
2014-06-16,532
2014-06-17,572
2014-06-18,558
2014-06-19,552
2014-06-20,646
2014-06-21,466
2014-06-22,394
2014-06-23,546
2014-06-24,545
2014-06-25,542
2014-06-26,557
2014-06-27,545
2014-06-28,514
2014-06-29,448
2014-06-30,508
2014-07-01,521
2014-07-02,541
2014-07-03,610
2014-07-04,294
2014-07-05,415
2014-07-06,374
2014-07-07,518
2014-07-08,506
2014-07-09,469
2014-07-10,494
2014-07-11,529
2014-07-12,463
2014-07-13,358
2014-07-14,467
2014-07-15,493
2014-07-16,455
2014-07-17,510
2014-07-18,510
2014-07-19,404
2014-07-20,359
2014-07-21,457
2014-07-22,506
2014-07-23,487
2014-07-24,459
2014-07-25,549
2014-07-26,438
2014-07-27,400
2014-07-28,498
2014-07-29,454
2014-07-30,512
2014-07-31,532
2014-08-01,573
2014-08-02,440
2014-08-03,394
2014-08-04,492
2014-08-05,505
2014-08-06,461
2014-08-07,479
2014-08-08,515
2014-08-09,443
2014-08-10,426
2014-08-11,519
2014-08-12,416
2014-08-13,486
2014-08-14,530
2014-08-15,429
2014-08-16,403
2014-08-17,400
2014-08-18,507
2014-08-19,432
2014-08-20,468
2014-08-21,462
2014-08-22,473
2014-08-23,377
2014-08-24,358
2014-08-25,460
2014-08-26,526
2014-08-27,439
2014-08-28,492
2014-08-29,519
2014-08-30,442
2014-08-31,416
2014-09-01,335
2014-09-02,573
2014-09-03,486
2014-09-04,600
2014-09-05,550
2014-09-06,469
2014-09-07,392
2014-09-08,520
2014-09-09,498
2014-09-10,501
2014-09-11,510
2014-09-12,619
2014-09-13,456
2014-09-14,439
2014-09-15,508
2014-09-16,512
2014-09-17,547
2014-09-18,540
2014-09-19,532
2014-09-20,493
2014-09-21,419
2014-09-22,560
2014-09-23,499
2014-09-24,489
2014-09-25,420
2014-09-26,531
2014-09-27,504
2014-09-28,416
2014-09-29,468
2014-09-30,498
2014-10-01,485
2014-10-02,467
2014-10-03,610
2014-10-04,455
2014-10-05,421
2014-10-06,533
2014-10-07,521
2014-10-08,518
2014-10-09,419
2014-10-10,446
2014-10-11,457
2014-10-12,402
2014-10-13,375
2014-10-14,581
2014-10-15,479
2014-10-16,486
2014-10-17,545
2014-10-18,404
2014-10-19,402
2014-10-20,500
2014-10-21,527
2014-10-22,595
2014-10-23,548
2014-10-24,568
2014-10-25,433
2014-10-26,440
2014-10-27,531
2014-10-28,491
2014-10-29,468
2014-10-30,540
2014-10-31,577
2014-11-01,564
2014-11-02,449
2014-11-03,517
2014-11-04,434
2014-11-05,466
2014-11-06,544
2014-11-07,547
2014-11-08,456
2014-11-09,359
2014-11-10,479
2014-11-11,409
2014-11-12,462
2014-11-13,589
2014-11-14,545
2014-11-15,441
2014-11-16,366
2014-11-17,571
2014-11-18,603
2014-11-19,532
2014-11-20,537
2014-11-21,567
2014-11-22,421
2014-11-23,356
2014-11-24,601
2014-11-25,501
2014-11-26,630
2014-11-27,306
2014-11-28,372
2014-11-29,341
2014-11-30,327
2014-12-01,536
2014-12-02,503
2014-12-03,467
2014-12-04,491
2014-12-05,571
2014-12-06,520
2014-12-07,411
2014-12-08,486
2014-12-09,565
2014-12-10,539
2014-12-11,564
2014-12-12,584
2014-12-13,502
2014-12-14,366
2014-12-15,610
2014-12-16,535
2014-12-17,467
2014-12-18,519
2014-12-19,553
2014-12-20,426
2014-12-21,356
2014-12-22,470
2014-12-23,637
2014-12-24,446
2014-12-25,253
2014-12-26,362
2014-12-27,354
2014-12-28,286
2014-12-29,343
2014-12-30,399
2014-12-31,400
2015-01-01,328
2015-01-02,385
2015-01-03,392
2015-01-04,322
2015-01-05,422
2015-01-06,645
2015-01-07,451
2015-01-08,505
2015-01-09,650
2015-01-10,418
2015-01-11,291
2015-01-12,493
2015-01-13,527
2015-01-14,432
2015-01-15,474
2015-01-16,478
2015-01-17,418
2015-01-18,789
2015-01-19,406
2015-01-20,409
2015-01-21,438
2015-01-22,434
2015-01-23,511
2015-01-24,369
2015-01-25,346
2015-01-26,418
2015-01-27,164
2015-01-28,392
2015-01-29,439
2015-01-30,532
2015-01-31,442
2015-02-01,306
2015-02-02,577
2015-02-03,645
2015-02-04,494
2015-02-05,493
2015-02-06,569
2015-02-07,387
2015-02-08,338
2015-02-09,472
2015-02-10,483
2015-02-11,508
2015-02-12,456
2015-02-13,626
2015-02-14,374
2015-02-15,391
2015-02-16,343
2015-02-17,524
2015-02-18,530
2015-02-19,429
2015-02-20,533
2015-02-21,442
2015-02-22,446
2015-02-23,455
2015-02-24,329
2015-02-25,115
2015-02-26,112
2015-02-27,382
2015-02-28,464
2015-03-01,581
2015-03-02,555
2015-03-03,559
2015-03-04,513
2015-03-05,704
2015-03-06,785
2015-03-07,508
2015-03-08,387
2015-03-09,567
2015-03-10,490
2015-03-11,482
2015-03-12,497
2015-03-13,520
2015-03-14,443
2015-03-15,400
2015-03-16,451
2015-03-17,446
2015-03-18,455
2015-03-19,486
2015-03-20,491
2015-03-21,420
2015-03-22,370
2015-03-23,496
2015-03-24,505
2015-03-25,467
2015-03-26,448
2015-03-27,445
2015-03-28,399
2015-03-29,426
2015-03-30,474
2015-03-31,527
2015-04-01,528
2015-04-02,548
2015-04-03,404
2015-04-04,433
2015-04-05,349
2015-04-06,442
2015-04-07,392
2015-04-08,393
2015-04-09,390
2015-04-10,409
2015-04-11,479
2015-04-12,381
2015-04-13,483
2015-04-14,461
2015-04-15,513
2015-04-16,475
2015-04-17,578
2015-04-18,500
2015-04-19,398
2015-04-20,541
2015-04-21,547
2015-04-22,476
2015-04-23,517
2015-04-24,593
2015-04-25,485
2015-04-26,401
2015-04-27,486
2015-04-28,505
2015-04-29,571
2015-04-30,555
2015-05-01,551
2015-05-02,439
2015-05-03,459
2015-05-04,539
2015-05-05,533
2015-05-06,497
2015-05-07,572
2015-05-08,600
2015-05-09,459
2015-05-10,477
2015-05-11,559
2015-05-12,570
2015-05-13,563
2015-05-14,555
2015-05-15,618
2015-05-16,542
2015-05-17,452
2015-05-18,495
2015-05-19,499
2015-05-20,559
2015-05-21,513
2015-05-22,622
2015-05-23,449
2015-05-24,379
2015-05-25,356
2015-05-26,580
2015-05-27,591
2015-05-28,582
2015-05-29,677
2015-05-30,518
2015-05-31,460
2015-06-01,599
2015-06-02,549
2015-06-03,563
2015-06-04,471
2015-06-05,573
2015-06-06,507
2015-06-07,462
2015-06-08,524
2015-06-09,539
2015-06-10,571
2015-06-11,555
2015-06-12,387
2015-06-13,320
2015-06-14,476
2015-06-15,404
2015-06-16,499
2015-06-17,594
2015-06-18,510
2015-06-19,618
2015-06-20,408
2015-06-21,526
2015-06-22,639
2015-06-23,572
2015-06-24,659
2015-06-25,568
2015-06-26,654
2015-06-27,509
2015-06-28,458
2015-06-29,554
2015-06-30,530
2015-07-01,598
2015-07-02,490
2015-07-03,457
2015-07-04,334
2015-07-05,387
2015-07-06,500
2015-07-07,548
2015-07-08,532
2015-07-09,474
2015-07-10,602
2015-07-11,483
2015-07-12,436
2015-07-13,557
2015-07-14,554
2015-07-15,528
2015-07-16,569
2015-07-17,561
2015-07-18,484
2015-07-19,461
2015-07-20,622
2015-07-21,521
2015-07-22,538
2015-07-23,533
2015-07-24,416
2015-07-25,380
2015-07-26,451
2015-07-27,529
2015-07-28,551
2015-07-29,527
2015-07-30,607
2015-07-31,641
2015-08-01,575
2015-08-02,463
2015-08-03,582
2015-08-04,556
2015-08-05,514
2015-08-06,540
2015-08-07,616
2015-08-08,444
2015-08-09,405
2015-08-10,524
2015-08-11,504
2015-08-12,537
2015-08-13,607
2015-08-14,615
2015-08-15,474
2015-08-16,453
2015-08-17,502
2015-08-18,532
2015-08-19,502
2015-08-20,517
2015-08-21,613
2015-08-22,493
2015-08-23,418
2015-08-24,507
2015-08-25,495
2015-08-26,511
2015-08-27,525
2015-08-28,498
2015-08-29,463
2015-08-30,472
2015-08-31,516
2015-09-01,537
2015-09-02,547
2015-09-03,566
2015-09-04,536
2015-09-05,466
2015-09-06,428
2015-09-07,415
2015-09-08,662
2015-09-09,642
2015-09-10,605
2015-09-11,636
2015-09-12,483
2015-09-13,410
2015-09-14,493
2015-09-15,499
2015-09-16,630
2015-09-17,614
2015-09-18,634
2015-09-19,566
2015-09-20,464
2015-09-21,533
2015-09-22,491
2015-09-23,409
2015-09-24,523
2015-09-25,487
2015-09-26,479
2015-09-27,418
2015-09-28,506
2015-09-29,485
2015-09-30,526
2015-10-01,579
2015-10-02,660
2015-10-03,469
2015-10-04,453
2015-10-05,513
2015-10-06,526
2015-10-07,567
2015-10-08,580
2015-10-09,632
2015-10-10,558
2015-10-11,468
2015-10-12,418
2015-10-13,602
2015-10-14,555
2015-10-15,576
2015-10-16,582
2015-10-17,482
2015-10-18,474
2015-10-19,562
2015-10-20,622
2015-10-21,605
2015-10-22,574
2015-10-23,638
2015-10-24,432
2015-10-25,448
2015-10-26,611
2015-10-27,524
2015-10-28,573
2015-10-29,644
2015-10-30,574
2015-10-31,298
2015-11-01,261
2015-11-02,515
2015-11-03,556
2015-11-04,557
2015-11-05,577
2015-11-06,521
2015-11-07,432
2015-11-08,410
2015-11-09,529
2015-11-10,643
2015-11-11,460
2015-11-12,551
2015-11-13,587
2015-11-14,516
2015-11-15,417
2015-11-16,522
2015-11-17,590
2015-11-18,534
2015-11-19,683
2015-11-20,689
2015-11-21,501
2015-11-22,360
2015-11-23,608
2015-11-24,607
2015-11-25,596
2015-11-26,314
2015-11-27,407
2015-11-28,416
2015-11-29,388
2015-11-30,517
2015-12-01,617
2015-12-02,551
2015-12-03,521
2015-12-04,567
2015-12-05,545
2015-12-06,400
2015-12-07,555
2015-12-08,515
2015-12-09,495
2015-12-10,546
2015-12-11,588
2015-12-12,467
2015-12-13,460
2015-12-14,515
2015-12-15,656
2015-12-16,589
2015-12-17,621
2015-12-18,653
2015-12-19,517
2015-12-20,418
2015-12-21,525
2015-12-22,578
2015-12-23,668
2015-12-24,504
2015-12-25,273
2015-12-26,336
2015-12-27,449
2015-12-28,410
2015-12-29,459
2015-12-30,413
2015-12-31,436
2016-01-01,346
2016-01-02,361
2016-01-03,365
2016-01-04,506
2016-01-05,546
2016-01-06,535
2016-01-07,457
2016-01-08,539
2016-01-09,474
2016-01-10,386
2016-01-11,592
2016-01-12,543
2016-01-13,518
2016-01-14,512
2016-01-15,598
2016-01-16,475
2016-01-17,364
2016-01-18,404
2016-01-19,560
2016-01-20,530
2016-01-21,578
2016-01-22,590
2016-01-23,365
2016-01-24,448
2016-01-25,577
2016-01-26,638
2016-01-27,569
2016-01-28,565
2016-01-29,558
2016-01-30,492
2016-01-31,447
2016-02-01,608
2016-02-02,624
2016-02-03,508
2016-02-04,511
2016-02-05,527
2016-02-06,468
2016-02-07,359
2016-02-08,418
2016-02-09,486
2016-02-10,458
2016-02-11,534
2016-02-12,535
2016-02-13,398
2016-02-14,262
2016-02-15,246
2016-02-16,538
2016-02-17,459
2016-02-18,488
2016-02-19,451
2016-02-20,477
2016-02-21,409
2016-02-22,513
2016-02-23,525
2016-02-24,554
2016-02-25,550
2016-02-26,397
2016-02-27,331
2016-02-28,422
2016-02-29,504
2016-03-01,550
2016-03-02,540
2016-03-03,529
2016-03-04,565
2016-03-05,501
2016-03-06,418
2016-03-07,480
2016-03-08,523
2016-03-09,545
2016-03-10,508
2016-03-11,533
2016-03-12,501
2016-03-13,315
2016-03-14,314
2016-03-15,336
2016-03-16,324
2016-03-17,319
2016-03-18,346
2016-03-19,310
2016-03-20,262
2016-03-21,334
2016-03-22,350
2016-03-23,355
2016-03-24,340
2016-03-25,303
2016-03-26,282
2016-03-27,268
2016-03-28,302
2016-03-29,336
2016-03-30,283
2016-03-31,293
2016-04-01,292
2016-04-02,277
2016-04-03,264
2016-04-04,306
2016-04-05,309
2016-04-06,255
2016-04-07,247
2016-04-08,292
2016-04-09,247
2016-04-10,214
2016-04-11,265
2016-04-12,273
2016-04-13,265
2016-04-14,293
2016-04-15,293
2016-04-16,282
2016-04-17,238
2016-04-18,280
2016-04-19,330
2016-04-20,284
2016-04-21,288
2016-04-22,316
2016-04-23,287
2016-04-24,209
2016-04-25,214
2016-04-26,195
2016-04-27,180
2016-04-28,176
2016-04-29,187
2016-04-30,222
2016-05-01,195
2016-05-02,233
2016-05-03,257
2016-05-04,257
2016-05-05,428
2016-05-06,660
2016-05-07,522
2016-05-08,526
2016-05-09,589
2016-05-10,560
2016-05-11,631
2016-05-12,683
2016-05-13,706
2016-05-14,533
2016-05-15,447
2016-05-16,673
2016-05-17,565
2016-05-18,615
2016-05-19,633
2016-05-20,707
2016-05-21,513
2016-05-22,523
2016-05-23,599
2016-05-24,627
2016-05-25,656
2016-05-26,676
2016-05-27,700
2016-05-28,577
2016-05-29,516
2016-05-30,427
2016-05-31,700
2016-06-01,701
2016-06-02,619
2016-06-03,653
2016-06-04,576
2016-06-05,425
2016-06-06,687
2016-06-07,634
2016-06-08,667
2016-06-09,577
2016-06-10,696
2016-06-11,485
2016-06-12,497
2016-06-13,545
2016-06-14,572
2016-06-15,601
2016-06-16,588
2016-06-17,617
2016-06-18,572
2016-06-19,442
2016-06-20,623
2016-06-21,562
2016-06-22,624
2016-06-23,552
2016-06-24,642
2016-06-25,570
2016-06-26,469
2016-06-27,561
2016-06-28,552
2016-06-29,552
2016-06-30,641
2016-07-01,626
2016-07-02,479
2016-07-03,389
2016-07-04,404
2016-07-05,539
2016-07-06,571
2016-07-07,522
2016-07-08,520
2016-07-09,431
2016-07-10,404
2016-07-11,499
2016-07-12,561
2016-07-13,525
2016-07-14,607
2016-07-15,659
2016-07-16,522
2016-07-17,483
2016-07-18,609
2016-07-19,577
2016-07-20,574
2016-07-21,614
2016-07-22,650
2016-07-23,532
2016-07-24,480
2016-07-25,592
2016-07-26,585
2016-07-27,633
2016-07-28,664
2016-07-29,712
2016-07-30,554
2016-07-31,489
2016-08-01,526
2016-08-02,565
2016-08-03,637
2016-08-04,665
2016-08-05,655
2016-08-06,541
2016-08-07,503
2016-08-08,589
2016-08-09,608
2016-08-10,570
2016-08-11,613
2016-08-12,678
2016-08-13,569
2016-08-14,482
2016-08-15,600
2016-08-16,604
2016-08-17,614
2016-08-18,593
2016-08-19,658
2016-08-20,532
2016-08-21,476
2016-08-22,615
2016-08-23,597
2016-08-24,583
2016-08-25,614
2016-08-26,713
2016-08-27,589
2016-08-28,524
2016-08-29,641
2016-08-30,593
2016-08-31,624
2016-09-01,639
2016-09-02,661
2016-09-03,471
2016-09-04,436
2016-09-05,394
2016-09-06,592
2016-09-07,610
2016-09-08,668
2016-09-09,683
2016-09-10,568
2016-09-11,508
2016-09-12,602
2016-09-13,742
2016-09-14,742
2016-09-15,719
2016-09-16,734
2016-09-17,618
2016-09-18,509
2016-09-19,641
2016-09-20,582
2016-09-21,587
2016-09-22,620
2016-09-23,751
2016-09-24,579
2016-09-25,533
2016-09-26,587
2016-09-27,614
2016-09-28,599
2016-09-29,592
2016-09-30,826
2016-10-01,565
2016-10-02,469
2016-10-03,473
2016-10-04,494
2016-10-05,658
2016-10-06,712
2016-10-07,714
2016-10-08,586
2016-10-09,453
2016-10-10,519
2016-10-11,701
2016-10-12,476
2016-10-13,716
2016-10-14,726
2016-10-15,617
2016-10-16,477
2016-10-17,556
2016-10-18,565
2016-10-19,640
2016-10-20,616
2016-10-21,820
2016-10-22,593
2016-10-23,504
2016-10-24,541
2016-10-25,548
2016-10-26,677
2016-10-27,781
2016-10-28,759
2016-10-29,589
2016-10-30,527
2016-10-31,630
2016-11-01,704
2016-11-02,625
2016-11-03,652
2016-11-04,737
2016-11-05,606
2016-11-06,505
2016-11-07,670
2016-11-08,588
2016-11-09,521
2016-11-10,675
2016-11-11,632
2016-11-12,574
2016-11-13,501
2016-11-14,627
2016-11-15,703
2016-11-16,676
2016-11-17,672
2016-11-18,742
2016-11-19,658
2016-11-20,501
2016-11-21,650
2016-11-22,723
2016-11-23,767
2016-11-24,401
2016-11-25,436
2016-11-26,436
2016-11-27,441
2016-11-28,614
2016-11-29,700
2016-11-30,697
2016-12-01,711
2016-12-02,650
2016-12-03,566
2016-12-04,455
2016-12-05,756
2016-12-06,672
2016-12-07,611
2016-12-08,602
2016-12-09,661
2016-12-10,532
2016-12-11,502
2016-12-12,628
2016-12-13,600
2016-12-14,664
2016-12-15,715
2016-12-16,746
2016-12-17,591
2016-12-18,502
2016-12-19,692
2016-12-20,687
2016-12-21,642
2016-12-22,654
2016-12-23,649
2016-12-24,528
2016-12-25,349
2016-12-26,373
2016-12-27,541
2016-12-28,514
2016-12-29,518
2016-12-30,554
2016-12-31,452
2017-01-01,462
2017-01-02,434
2017-01-03,622
2017-01-04,554
2017-01-05,522
2017-01-06,563
2017-01-07,847
2017-01-08,365
2017-01-09,630
2017-01-10,557
2017-01-11,595
2017-01-12,615
2017-01-13,574
2017-01-14,465
2017-01-15,470
2017-01-16,443
2017-01-17,629
2017-01-18,521
2017-01-19,581
2017-01-20,566
2017-01-21,437
2017-01-22,395
2017-01-23,631
2017-01-24,537
2017-01-25,541
2017-01-26,525
2017-01-27,552
2017-01-28,489
2017-01-29,406
2017-01-30,520
2017-01-31,540
2017-02-01,539
2017-02-02,553
2017-02-03,569
2017-02-04,516
2017-02-05,406
2017-02-06,532
2017-02-07,591
2017-02-08,631
2017-02-09,484
2017-02-10,665
2017-02-11,486
2017-02-12,411
2017-02-13,606
2017-02-14,656
2017-02-15,562
2017-02-16,612
2017-02-17,644
2017-02-18,532
2017-02-19,422
2017-02-20,408
2017-02-21,452
2017-02-22,451
2017-02-23,547
2017-02-24,618
2017-02-25,550
2017-02-26,441
2017-02-27,523
2017-02-28,562
2017-03-01,546
2017-03-02,620
2017-03-03,717
2017-03-04,509
2017-03-05,467
2017-03-06,590
2017-03-07,596
2017-03-08,573
2017-03-09,628
2017-03-10,587
2017-03-11,512
2017-03-12,494
2017-03-13,761
2017-03-14,349
2017-03-15,620
2017-03-16,792
2017-03-17,713
2017-03-18,477
2017-03-19,529
2017-03-20,723
2017-03-21,597
2017-03-22,591
2017-03-23,658
2017-03-24,618
2017-03-25,530
2017-03-26,441
2017-03-27,599
2017-03-28,567
2017-03-29,636
2017-03-30,603
2017-03-31,707
2017-04-01,560
2017-04-02,487
2017-04-03,599
2017-04-04,557
2017-04-05,558
2017-04-06,670
2017-04-07,652
2017-04-08,591
2017-04-09,517
2017-04-10,612
2017-04-11,486
2017-04-12,502
2017-04-13,554
2017-04-14,488
2017-04-15,457
2017-04-16,442
2017-04-17,465
2017-04-18,489
2017-04-19,543
2017-04-20,599
2017-04-21,658
2017-04-22,511
2017-04-23,488
2017-04-24,514
2017-04-25,677
2017-04-26,592
2017-04-27,656
2017-04-28,815
2017-04-29,614
2017-04-30,439
2017-05-01,606
2017-05-02,712
2017-05-03,679
2017-05-04,661
2017-05-05,750
2017-05-06,646
2017-05-07,476
2017-05-08,611
2017-05-09,620
2017-05-10,624
2017-05-11,645
2017-05-12,765
2017-05-13,650
2017-05-14,601
2017-05-15,686
2017-05-16,650
2017-05-17,707
2017-05-18,856
2017-05-19,915
2017-05-20,569
2017-05-21,591
2017-05-22,691
2017-05-23,626
2017-05-24,589
2017-05-25,707
2017-05-26,730
2017-05-27,447
2017-05-28,449
2017-05-29,351
2017-05-30,618
2017-05-31,630
2017-06-01,613
2017-06-02,691
2017-06-03,596
2017-06-04,448
2017-06-05,613
2017-06-06,637
2017-06-07,648
2017-06-08,622
2017-06-09,729
2017-06-10,638
2017-06-11,663
2017-06-12,763
2017-06-13,789
2017-06-14,715
2017-06-15,721
2017-06-16,630
2017-06-17,617
2017-06-18,555
2017-06-19,780
2017-06-20,770
2017-06-21,704
2017-06-22,801
2017-06-23,750
2017-06-24,718
2017-06-25,553
2017-06-26,623
2017-06-27,720
2017-06-28,687
2017-06-29,722
2017-06-30,702
2017-07-01,558
2017-07-02,498
2017-07-03,580
2017-07-04,405
2017-07-05,663
2017-07-06,581
2017-07-07,630
2017-07-08,557
2017-07-09,483
2017-07-10,628
2017-07-11,596
2017-07-12,641
2017-07-13,712
2017-07-14,665
2017-07-15,608
2017-07-16,477
2017-07-17,601
2017-07-18,651
2017-07-19,706
2017-07-20,718
2017-07-21,689
2017-07-22,614
2017-07-23,521
2017-07-24,585
2017-07-25,563
2017-07-26,614
2017-07-27,566
2017-07-28,635
2017-07-29,484
2017-07-30,574
2017-07-31,613
2017-08-01,667
2017-08-02,582
2017-08-03,666
2017-08-04,704
2017-08-05,536
2017-08-06,484
2017-08-07,570
2017-08-08,588
2017-08-09,613
2017-08-10,609
2017-08-11,614
2017-08-12,493
2017-08-13,520
2017-08-14,563
2017-08-15,525
2017-08-16,548
2017-08-17,598
2017-08-18,584
2017-08-19,584
2017-08-20,503
2017-08-21,584
2017-08-22,636
2017-08-23,587
2017-08-24,590
2017-08-25,584
2017-08-26,536
2017-08-27,469
2017-08-28,546
2017-08-29,565
2017-08-30,619
2017-08-31,575
2017-09-01,634
2017-09-02,520
2017-09-03,484
2017-09-04,498
2017-09-05,666
2017-09-06,576
2017-09-07,738
2017-09-08,691
2017-09-09,567
2017-09-10,499
2017-09-11,683
2017-09-12,626
2017-09-13,684
2017-09-14,675
2017-09-15,770
2017-09-16,575
2017-09-17,556
2017-09-18,618
2017-09-19,618
2017-09-20,537
2017-09-21,502
2017-09-22,572
2017-09-23,584
2017-09-24,542
2017-09-25,682
2017-09-26,600
2017-09-27,653
2017-09-28,682
2017-09-29,709
2017-09-30,518
2017-10-01,539
2017-10-02,677
2017-10-03,626
2017-10-04,641
2017-10-05,604
2017-10-06,601
2017-10-07,526
2017-10-08,480
2017-10-09,507
2017-10-10,710
2017-10-11,576
2017-10-12,554
2017-10-13,619
2017-10-14,516
2017-10-15,468
2017-10-16,599
2017-10-17,701
2017-10-18,687
2017-10-19,703
2017-10-20,776
2017-10-21,543
2017-10-22,477
2017-10-23,616
2017-10-24,635
2017-10-25,597
2017-10-26,622
2017-10-27,707
2017-10-28,572
2017-10-29,573
2017-10-30,771
2017-10-31,641
2017-11-01,580
2017-11-02,695
2017-11-03,724
2017-11-04,551
2017-11-05,476
2017-11-06,630
2017-11-07,665
2017-11-08,623
2017-11-09,659
2017-11-10,681
2017-11-11,580
2017-11-12,510
2017-11-13,654
2017-11-14,599
2017-11-15,669
2017-11-16,762
2017-11-17,749
2017-11-18,592
2017-11-19,542
2017-11-20,693
2017-11-21,737
2017-11-22,715
2017-11-23,442
2017-11-24,480
2017-11-25,437
2017-11-26,456
2017-11-27,606
2017-11-28,611
2017-11-29,646
2017-11-30,622
2017-12-01,713
2017-12-02,545
2017-12-03,429
2017-12-04,639
2017-12-05,650
2017-12-06,610
2017-12-07,650
2017-12-08,636
2017-12-09,517
2017-12-10,484
2017-12-11,678
2017-12-12,635
2017-12-13,672
2017-12-14,826
2017-12-15,951
2017-12-16,620
2017-12-17,520
2017-12-18,673
2017-12-19,606
2017-12-20,657
2017-12-21,697
2017-12-22,700
2017-12-23,523
2017-12-24,441
2017-12-25,317
2017-12-26,502
2017-12-27,549
2017-12-28,567
2017-12-29,561
2017-12-30,536
2017-12-31,438
2018-01-01,436
2018-01-02,610
2018-01-03,619
2018-01-04,440
2018-01-05,676
2018-01-06,565
2018-01-07,446
2018-01-08,675
2018-01-09,649
2018-01-10,648
2018-01-11,649
2018-01-12,653
2018-01-13,572
2018-01-14,473
2018-01-15,493
2018-01-16,580
2018-01-17,585
2018-01-18,597
2018-01-19,566
2018-01-20,503
2018-01-21,392
2018-01-22,520
2018-01-23,500
2018-01-24,574
2018-01-25,569
2018-01-26,645
2018-01-27,486
2018-01-28,385
2018-01-29,496
2018-01-30,546
2018-01-31,563
2018-02-01,549
2018-02-02,573
2018-02-03,454
2018-02-04,521
2018-02-05,677
2018-02-06,503
2018-02-07,621
2018-02-08,571
2018-02-09,553
2018-02-10,520
2018-02-11,452
2018-02-12,503
2018-02-13,577
2018-02-14,625
2018-02-15,599
2018-02-16,546
2018-02-17,570
2018-02-18,438
2018-02-19,420
2018-02-20,492
2018-02-21,567
2018-02-22,511
2018-02-23,520
2018-02-24,512
2018-02-25,428
2018-02-26,522
2018-02-27,595
2018-02-28,623
2018-03-01,582
2018-03-02,836
2018-03-03,557
2018-03-04,438
2018-03-05,582
2018-03-06,647
2018-03-07,491
2018-03-08,594
2018-03-09,702
2018-03-10,536
2018-03-11,442
2018-03-12,647
2018-03-13,547
2018-03-14,599
2018-03-15,654
2018-03-16,714
2018-03-17,533
2018-03-18,496
2018-03-19,647
2018-03-20,558
2018-03-21,449
2018-03-22,713
2018-03-23,696
2018-03-24,516
2018-03-25,462
2018-03-26,666
2018-03-27,586
2018-03-28,582
2018-03-29,579
2018-03-30,538
2018-03-31,561
2018-04-01,380
2018-04-02,537
2018-04-03,513
2018-04-04,522
2018-04-05,505
2018-04-06,483
2018-04-07,461
2018-04-08,444
2018-04-09,582
2018-04-10,638
2018-04-11,565
2018-04-12,562
2018-04-13,700
2018-04-14,585
2018-04-15,486
2018-04-16,691
2018-04-17,571
2018-04-18,611
2018-04-19,663
2018-04-20,669
2018-04-21,555
2018-04-22,536
2018-04-23,631
2018-04-24,631
2018-04-25,585
2018-04-26,689
2018-04-27,640
2018-04-28,577
2018-04-29,483
2018-04-30,621
2018-05-01,672
2018-05-02,742
2018-05-03,739
2018-05-04,685
2018-05-05,577
2018-05-06,462
2018-05-07,655
2018-05-08,678
2018-05-09,663
2018-05-10,625
2018-05-11,756
2018-05-12,562
2018-05-13,505
2018-05-14,654
2018-05-15,722
2018-05-16,642
2018-05-17,691
2018-05-18,566
2018-05-19,545
2018-05-20,545
2018-05-21,585
2018-05-22,642
2018-05-23,691
2018-05-24,717
2018-05-25,754
2018-05-26,572
2018-05-27,463
2018-05-28,383
2018-05-29,742
2018-05-30,673
2018-05-31,658
2018-06-01,704
2018-06-02,595
2018-06-03,496
2018-06-04,653
2018-06-05,645
2018-06-06,621
2018-06-07,658
2018-06-08,712
2018-06-09,672
2018-06-10,502
2018-06-11,640
2018-06-12,660
2018-06-13,659
2018-06-14,772
2018-06-15,679
2018-06-16,634
2018-06-17,599
2018-06-18,752
2018-06-19,766
2018-06-20,663
2018-06-21,770
2018-06-22,694
2018-06-23,492
2018-06-24,526
2018-06-25,688
2018-06-26,720
2018-06-27,506
2018-06-28,707
2018-06-29,784
2018-06-30,620
2018-07-01,529
2018-07-02,683
2018-07-03,628
2018-07-04,380
2018-07-05,691
2018-07-06,620
2018-07-07,504
2018-07-08,508
2018-07-09,632
2018-07-10,690
2018-07-11,579
2018-07-12,591
2018-07-13,677
2018-07-14,553
2018-07-15,525
2018-07-16,678
2018-07-17,638
2018-07-18,639
2018-07-19,696
2018-07-20,659
2018-07-21,588
2018-07-22,514
2018-07-23,577
2018-07-24,618
2018-07-25,616
2018-07-26,559
2018-07-27,710
2018-07-28,611
2018-07-29,439
2018-07-30,546
2018-07-31,673
2018-08-01,622
2018-08-02,681
2018-08-03,706
2018-08-04,573
2018-08-05,530
2018-08-06,593
2018-08-07,624
2018-08-08,619
2018-08-09,672
2018-08-10,665
2018-08-11,530
2018-08-12,469
2018-08-13,584
2018-08-14,658
2018-08-15,613
2018-08-16,606
2018-08-17,660
2018-08-18,554
2018-08-19,456
2018-08-20,523
2018-08-21,546
2018-08-22,563
2018-08-23,574
2018-08-24,643
2018-08-25,526
2018-08-26,500
2018-08-27,610
2018-08-28,674
2018-08-29,639
2018-08-30,692
2018-08-31,583
2018-09-01,513
2018-09-02,503
2018-09-03,505
2018-09-04,745
2018-09-05,723
2018-09-06,778
2018-09-07,640
2018-09-08,539
2018-09-09,521
2018-09-10,603
2018-09-11,513
2018-09-12,721
2018-09-13,684
2018-09-14,649
2018-09-15,564
2018-09-16,566
2018-09-17,634
2018-09-18,687
2018-09-19,485
2018-09-20,600
2018-09-21,655
2018-09-22,503
2018-09-23,431
2018-09-24,563
2018-09-25,658
2018-09-26,683
2018-09-27,612
2018-09-28,645
2018-09-29,548
2018-09-30,480
2018-10-01,540
2018-10-02,574
2018-10-03,720
2018-10-04,652
2018-10-05,731
2018-10-06,497
2018-10-07,480
2018-10-08,470
2018-10-09,569
2018-10-10,651
2018-10-11,671
2018-10-12,760
2018-10-13,517
2018-10-14,477
2018-10-15,643
2018-10-16,622
2018-10-17,631
2018-10-18,668
2018-10-19,713
2018-10-20,579
2018-10-21,536
2018-10-22,599
2018-10-23,621
2018-10-24,662
2018-10-25,695
2018-10-26,687
2018-10-27,696
2018-10-28,518
2018-10-29,639
2018-10-30,660
2018-10-31,596
2018-11-01,645
2018-11-02,683
2018-11-03,605
2018-11-04,464
2018-11-05,702
2018-11-06,628
2018-11-07,648
2018-11-08,587
2018-11-09,804
2018-11-10,556
2018-11-11,464
2018-11-12,459
2018-11-13,702
2018-11-14,638
2018-11-15,993
2018-11-16,670
2018-11-17,505
2018-11-18,442
2018-11-19,642
2018-11-20,632
2018-11-21,665
2018-11-22,379
2018-11-23,442
2018-11-24,491
2018-11-25,449
2018-11-26,686
2018-11-27,556
2018-11-28,535
2018-11-29,595
2018-11-30,666
2018-12-01,562
2018-12-02,508
2018-12-03,626
2018-12-04,623
2018-12-05,599
2018-12-06,624
2018-12-07,642
2018-12-08,614
2018-12-09,425
2018-12-10,609
2018-12-11,629
2018-12-12,571
2018-12-13,622
2018-12-14,775
2018-12-15,572
2018-12-16,562
2018-12-17,631
2018-12-18,688
2018-12-19,687
2018-12-20,741
2018-12-21,715
2018-12-22,516
2018-12-23,471
2018-12-24,526
2018-12-25,303
2018-12-26,476
2018-12-27,536
2018-12-28,612
2018-12-29,462
2018-12-30,376
2018-12-31,572
2019-01-01,397
2019-01-02,453
2019-01-03,465
2019-01-04,566
2019-01-05,417
2019-01-06,355
2019-01-07,534
2019-01-08,521
2019-01-09,473
2019-01-10,528
2019-01-11,590
2019-01-12,482
2019-01-13,349
2019-01-14,650
2019-01-15,571
2019-01-16,536
2019-01-17,543
2019-01-18,552
2019-01-19,445
2019-01-20,377
2019-01-21,382
2019-01-22,571
2019-01-23,520
2019-01-24,549
2019-01-25,628
2019-01-26,493
2019-01-27,406
2019-01-28,512
2019-01-29,631
2019-01-30,588
2019-01-31,550
2019-02-01,588
2019-02-02,534
2019-02-03,449
2019-02-04,604
2019-02-05,517
2019-02-06,570
2019-02-07,540
2019-02-08,611
2019-02-09,510
2019-02-10,405
2019-02-11,514
2019-02-12,634
2019-02-13,591
2019-02-14,591
2019-02-15,558
2019-02-16,486
2019-02-17,409
2019-02-18,380
2019-02-19,491
2019-02-20,573
2019-02-21,540
2019-02-22,493
2019-02-23,405
2019-02-24,362
2019-02-25,650
2019-02-26,630
2019-02-27,493
2019-02-28,634
2019-03-01,653
2019-03-02,604
2019-03-03,477
2019-03-04,462
2019-03-05,584
2019-03-06,544
2019-03-07,510
2019-03-08,576
2019-03-09,476
2019-03-10,419
2019-03-11,598
2019-03-12,537
2019-03-13,521
2019-03-14,569
2019-03-15,616
2019-03-16,506
2019-03-17,388
2019-03-18,538
2019-03-19,516
2019-03-20,536
2019-03-21,574
2019-03-22,663
2019-03-23,483
2019-03-24,417
2019-03-25,496
2019-03-26,572
2019-03-27,512
2019-03-28,589
2019-03-29,515
2019-03-30,474
2019-03-31,403
2019-04-01,548
2019-04-02,505
2019-04-03,566
2019-04-04,608
2019-04-05,644
2019-04-06,519
2019-04-07,449
2019-04-08,547
2019-04-09,505
2019-04-10,583
2019-04-11,496
2019-04-12,639
2019-04-13,562
2019-04-14,420
2019-04-15,608
2019-04-16,598
2019-04-17,568
2019-04-18,483
2019-04-19,498
2019-04-20,422
2019-04-21,372
2019-04-22,467
2019-04-23,533
2019-04-24,462
2019-04-25,470
2019-04-26,465
2019-04-27,472
2019-04-28,364
2019-04-29,517
2019-04-30,541
2019-05-01,550
2019-05-02,605
2019-05-03,606
2019-05-04,499
2019-05-05,487
2019-05-06,587
2019-05-07,589
2019-05-08,595
2019-05-09,551
2019-05-10,613
2019-05-11,580
2019-05-12,549
2019-05-13,568
2019-05-14,574
2019-05-15,636
2019-05-16,577
2019-05-17,670
2019-05-18,594
2019-05-19,498
2019-05-20,623
2019-05-21,690
2019-05-22,625
2019-05-23,663
2019-05-24,667
2019-05-25,481
2019-05-26,468
2019-05-27,403
2019-05-28,597
2019-05-29,554
2019-05-30,561
2019-05-31,716
2019-06-01,501
2019-06-02,479
2019-06-03,599
2019-06-04,566
2019-06-05,604
2019-06-06,672
2019-06-07,674
2019-06-08,545
2019-06-09,479
2019-06-10,559
2019-06-11,625
2019-06-12,620
2019-06-13,571
2019-06-14,677
2019-06-15,564
2019-06-16,458
2019-06-17,514
2019-06-18,653
2019-06-19,552
2019-06-20,627
2019-06-21,703
2019-06-22,579
2019-06-23,516
2019-06-24,687
2019-06-25,609
2019-06-26,730
2019-06-27,681
2019-06-28,680
2019-06-29,607
2019-06-30,513
2019-07-01,634
2019-07-02,539
2019-07-03,607
2019-07-04,362
2019-07-05,499
2019-07-06,435
2019-07-07,410
2019-07-08,528
2019-07-09,599
2019-07-10,510
2019-07-11,613
2019-07-12,679
2019-07-13,506
2019-07-14,461
2019-07-15,593
2019-07-16,620
2019-07-17,581
2019-07-18,582
2019-07-19,614
2019-07-20,545
2019-07-21,449
2019-07-22,590
2019-07-23,505
2019-07-24,577
2019-07-25,544
2019-07-26,593
2019-07-27,539
2019-07-28,489
2019-07-29,600
2019-07-30,584
2019-07-31,558
2019-08-01,569
2019-08-02,562
2019-08-03,522
2019-08-04,449
2019-08-05,566
2019-08-06,507
2019-08-07,560
2019-08-08,604
2019-08-09,581
2019-08-10,530
2019-08-11,448
2019-08-12,539
2019-08-13,435
2019-08-14,495
2019-08-15,517
2019-08-16,485
2019-08-17,495
2019-08-18,440
2019-08-19,518
2019-08-20,534
2019-08-21,485
2019-08-22,535
2019-08-23,514
2019-08-24,473
2019-08-25,441
2019-08-26,451
2019-08-27,469
2019-08-28,508
2019-08-29,535
2019-08-30,575
2019-08-31,460
2019-09-01,435
2019-09-02,399
2019-09-03,592
2019-09-04,550
2019-09-05,581
2019-09-06,543
2019-09-07,444
2019-09-08,422
2019-09-09,558
2019-09-10,564
2019-09-11,581
2019-09-12,637
2019-09-13,626
2019-09-14,447
2019-09-15,547
2019-09-16,577
2019-09-17,582
2019-09-18,563
2019-09-19,563
2019-09-20,643
2019-09-21,531
2019-09-22,475
2019-09-23,583
2019-09-24,566
2019-09-25,561
2019-09-26,599
2019-09-27,630
2019-09-28,490
2019-09-29,460
2019-09-30,408
2019-10-01,414
2019-10-02,625
2019-10-03,626
2019-10-04,662
2019-10-05,503
2019-10-06,394
2019-10-07,516
2019-10-08,481
2019-10-09,352
2019-10-10,564
2019-10-11,557
2019-10-12,448
2019-10-13,402
2019-10-14,357
2019-10-15,501
2019-10-16,609
2019-10-17,554
2019-10-18,569
2019-10-19,524
2019-10-20,455
2019-10-21,509
2019-10-22,518
2019-10-23,615
2019-10-24,556
2019-10-25,583
2019-10-26,485
2019-10-27,424
2019-10-28,551
2019-10-29,577
2019-10-30,542
2019-10-31,557
2019-11-01,710
2019-11-02,469
2019-11-03,443
2019-11-04,565
2019-11-05,412
2019-11-06,561
2019-11-07,616
2019-11-08,619
2019-11-09,456
2019-11-10,430
2019-11-11,450
2019-11-12,547
2019-11-13,553
2019-11-14,510
2019-11-15,569
2019-11-16,487
2019-11-17,407
2019-11-18,698
2019-11-19,576
2019-11-20,472
2019-11-21,600
2019-11-22,586
2019-11-23,476
2019-11-24,473
2019-11-25,586
2019-11-26,633
2019-11-27,510
2019-11-28,340
2019-11-29,392
2019-11-30,413
2019-12-01,373
2019-12-02,534
2019-12-03,577
2019-12-04,511
2019-12-05,558
2019-12-06,515
2019-12-07,515
2019-12-08,411
2019-12-09,680
2019-12-10,596
2019-12-11,527
2019-12-12,542
2019-12-13,697
2019-12-14,531
2019-12-15,465
2019-12-16,466
2019-12-17,652
2019-12-18,643
2019-12-19,650
2019-12-20,638
2019-12-21,475
2019-12-22,458
2019-12-23,538
2019-12-24,489
2019-12-25,238
2019-12-26,378
2019-12-27,412
2019-12-28,322
2019-12-29,351
2019-12-30,492
2019-12-31,412
2020-01-01,318
2020-01-02,381
2020-01-03,426
2020-01-04,325
2020-01-05,269
2020-01-06,428
2020-01-07,382
2020-01-08,412
2020-01-09,478
2020-01-10,475
2020-01-11,392
2020-01-12,344
2020-01-13,445
2020-01-14,467
2020-01-15,453
2020-01-16,512
2020-01-17,519
2020-01-18,707
2020-01-19,338
2020-01-20,355
2020-01-21,520
2020-01-22,444
2020-01-23,416
2020-01-24,484
2020-01-25,359
2020-01-26,367
2020-01-27,413
2020-01-28,377
2020-01-29,454
2020-01-30,481
2020-01-31,488
2020-02-01,367
2020-02-02,359
2020-02-03,515
2020-02-04,424
2020-02-05,389
2020-02-06,500
2020-02-07,556
2020-02-08,433
2020-02-09,343
2020-02-10,533
2020-02-11,412
2020-02-12,407
2020-02-13,459
2020-02-14,589
2020-02-15,405
2020-02-16,358
2020-02-17,308
2020-02-18,392
2020-02-19,430
2020-02-20,410
2020-02-21,455
2020-02-22,376
2020-02-23,359
2020-02-24,456
2020-02-25,478
2020-02-26,412
2020-02-27,533
2020-02-28,493
2020-02-29,428
2020-03-01,389
2020-03-02,526
2020-03-03,503
2020-03-04,503
2020-03-05,491
2020-03-06,622
2020-03-07,471
2020-03-08,376
2020-03-09,490
2020-03-10,422
2020-03-11,437
2020-03-12,414
2020-03-13,502
2020-03-14,344
2020-03-15,314
2020-03-16,348
2020-03-17,346
2020-03-18,283
2020-03-19,314
2020-03-20,281
2020-03-21,220
2020-03-22,132
2020-03-23,209
2020-03-24,191
2020-03-25,157
2020-03-26,171
2020-03-27,181
2020-03-28,171
2020-03-29,133
2020-03-30,152
2020-03-31,146
2020-04-01,150
2020-04-02,148
2020-04-03,175
2020-04-04,143
2020-04-05,85
2020-04-06,113
2020-04-07,116
2020-04-08,115
2020-04-09,96
2020-04-10,107
2020-04-11,114
2020-04-12,97
2020-04-13,124
2020-04-14,126
2020-04-15,129
2020-04-16,124
2020-04-17,146
2020-04-18,117
2020-04-19,92
2020-04-20,129
2020-04-21,119
2020-04-22,134
2020-04-23,97
2020-04-24,159
2020-04-25,140
2020-04-26,132
2020-04-27,127
2020-04-28,169
2020-04-29,125
2020-04-30,151
2020-05-01,175
2020-05-02,176
2020-05-03,154
2020-05-04,163
2020-05-05,156
2020-05-06,169
2020-05-07,154
2020-05-08,161
2020-05-09,139
2020-05-10,152
2020-05-11,161
2020-05-12,176
2020-05-13,185
2020-05-14,156
2020-05-15,221
2020-05-16,204
2020-05-17,161
2020-05-18,169
2020-05-19,218
2020-05-20,184
2020-05-21,200
2020-05-22,242
2020-05-23,179
2020-05-24,183
2020-05-25,199
2020-05-26,204
2020-05-27,223
2020-05-28,198
2020-05-29,233
2020-05-30,204
2020-05-31,191
2020-06-01,178
2020-06-02,182
2020-06-03,199
2020-06-04,221
2020-06-05,235
2020-06-06,246
2020-06-07,183
2020-06-08,213
2020-06-09,233
2020-06-10,222
2020-06-11,224
2020-06-12,255
2020-06-13,258
2020-06-14,216
2020-06-15,206
2020-06-16,242
2020-06-17,224
2020-06-18,203
2020-06-19,281
2020-06-20,229
2020-06-21,224
2020-06-22,270
2020-06-23,274
2020-06-24,278
2020-06-25,234
2020-06-26,306
2020-06-27,247
2020-06-28,219
2020-06-29,279
2020-06-30,256
2020-07-01,238
2020-07-02,305
2020-07-03,283
2020-07-04,257
2020-07-05,263
2020-07-06,242
2020-07-07,230
2020-07-08,245
2020-07-09,289
2020-07-10,265
2020-07-11,255
2020-07-12,269
2020-07-13,265
2020-07-14,294
2020-07-15,251
2020-07-16,289
2020-07-17,280
2020-07-18,289
2020-07-19,296
2020-07-20,261
2020-07-21,301
2020-07-22,263
2020-07-23,305
2020-07-24,290
2020-07-25,272
2020-07-26,285
2020-07-27,296
2020-07-28,274
2020-07-29,291
2020-07-30,274
2020-07-31,314
2020-08-01,336
2020-08-02,262
2020-08-03,334
2020-08-04,418
2020-08-05,324
2020-08-06,326
2020-08-07,307
2020-08-08,241
2020-08-09,261
2020-08-10,294
2020-08-11,296
2020-08-12,279
2020-08-13,251
2020-08-14,313
2020-08-15,286
2020-08-16,256
2020-08-17,265
2020-08-18,281
2020-08-19,262
2020-08-20,292
2020-08-21,318
2020-08-22,304
2020-08-23,299
2020-08-24,303
2020-08-25,261
2020-08-26,281
2020-08-27,308
2020-08-28,274
2020-08-29,277
2020-08-30,275
2020-08-31,275
2020-09-01,316
2020-09-02,275
2020-09-03,334
2020-09-04,345
2020-09-05,326
2020-09-06,271
2020-09-07,278
2020-09-08,322
2020-09-09,267
2020-09-10,316
2020-09-11,327
2020-09-12,280
2020-09-13,229
2020-09-14,261
2020-09-15,282
2020-09-16,280
2020-09-17,293
2020-09-18,316
2020-09-19,308
2020-09-20,249
2020-09-21,282
2020-09-22,280
2020-09-23,337
2020-09-24,280
2020-09-25,313
2020-09-26,307
2020-09-27,291
2020-09-28,281
2020-09-29,296
2020-09-30,324
2020-10-01,309
2020-10-02,326
2020-10-03,296
2020-10-04,245
2020-10-05,274
2020-10-06,300
2020-10-07,283
2020-10-08,304
2020-10-09,293
2020-10-10,253
2020-10-11,233
2020-10-12,292
2020-10-13,284
2020-10-14,300
2020-10-15,283
2020-10-16,281
2020-10-17,306
2020-10-18,286
2020-10-19,250
2020-10-20,315
2020-10-21,307
2020-10-22,250
2020-10-23,307
2020-10-24,286
2020-10-25,253
2020-10-26,279
2020-10-27,243
2020-10-28,289
2020-10-29,306
2020-10-30,371
2020-10-31,310
2020-11-01,284
2020-11-02,303
2020-11-03,265
2020-11-04,285
2020-11-05,336
2020-11-06,340
2020-11-07,303
2020-11-08,303
2020-11-09,297
2020-11-10,311
2020-11-11,275
2020-11-12,299
2020-11-13,350
2020-11-14,278
2020-11-15,240
2020-11-16,280
2020-11-17,244
2020-11-18,269
2020-11-19,255
2020-11-20,327
2020-11-21,289
2020-11-22,207
2020-11-23,275
2020-11-24,302
2020-11-25,258
2020-11-26,184
2020-11-27,265
2020-11-28,216
2020-11-29,224
2020-11-30,270
2020-12-01,252
2020-12-02,219
2020-12-03,236
2020-12-04,337
2020-12-05,263
2020-12-06,215
2020-12-07,257
2020-12-08,267
2020-12-09,253
2020-12-10,285
2020-12-11,324
2020-12-12,265
2020-12-13,241
2020-12-14,228
2020-12-15,292
2020-12-16,309
2020-12-17,222
2020-12-18,260
2020-12-19,232
2020-12-20,182
2020-12-21,248
2020-12-22,295
2020-12-23,322
2020-12-24,289
2020-12-25,152
2020-12-26,206
2020-12-27,173
2020-12-28,200
2020-12-29,226
2020-12-30,212
2020-12-31,259
2021-01-01,235
2021-01-02,200
2021-01-03,172
2021-01-04,230
2021-01-05,208
2021-01-06,207
2021-01-07,262
2021-01-08,260
2021-01-09,225
2021-01-10,156
2021-01-11,217
2021-01-12,255
2021-01-13,220
2021-01-14,226
2021-01-15,245
2021-01-16,252
2021-01-17,202
2021-01-18,208
2021-01-19,242
2021-01-20,231
2021-01-21,230
2021-01-22,235
2021-01-23,242
2021-01-24,192
2021-01-25,243
2021-01-26,247
2021-01-27,236
2021-01-28,236
2021-01-29,261
2021-01-30,269
2021-01-31,279
2021-02-01,222
2021-02-02,223
2021-02-03,233
2021-02-04,249
2021-02-05,308
2021-02-06,253
2021-02-07,227
2021-02-08,268
2021-02-09,218
2021-02-10,266
2021-02-11,274
2021-02-12,269
2021-02-13,193
2021-02-14,170
2021-02-15,193
2021-02-16,192
2021-02-17,220
2021-02-18,230
2021-02-19,183
2021-02-20,244
2021-02-21,195
2021-02-22,224
2021-02-23,224
2021-02-24,237
2021-02-25,254
2021-02-26,284
2021-02-27,206
2021-02-28,197
2021-03-01,209
2021-03-02,247
2021-03-03,222
2021-03-04,241
2021-03-05,277
2021-03-06,234
2021-03-07,201
2021-03-08,233
2021-03-09,273
2021-03-10,209
2021-03-11,268
2021-03-12,305
2021-03-13,232
2021-03-14,224
2021-03-15,237
2021-03-16,218
2021-03-17,228
2021-03-18,218
2021-03-19,286
2021-03-20,263
2021-03-21,248
2021-03-22,276
2021-03-23,258
2021-03-24,252
2021-03-25,235
2021-03-26,310
2021-03-27,296
2021-03-28,184
2021-03-29,226
2021-03-30,242
2021-03-31,261
2021-04-01,244
2021-04-02,264
2021-04-03,265
2021-04-04,236
2021-04-05,248
2021-04-06,288
2021-04-07,273
2021-04-08,292
2021-04-09,259
2021-04-10,269
2021-04-11,200
2021-04-12,239
2021-04-13,296
2021-04-14,275
2021-04-15,253
2021-04-16,278
2021-04-17,241
2021-04-18,228
2021-04-19,299
2021-04-20,284
2021-04-21,260
2021-04-22,229
2021-04-23,337
2021-04-24,279
2021-04-25,256
2021-04-26,280
2021-04-27,250
2021-04-28,359
2021-04-29,304
2021-04-30,311
2021-05-01,297
2021-05-02,304
2021-05-03,293
2021-05-04,314
2021-05-05,310
2021-05-06,307
2021-05-07,303
2021-05-08,288
2021-05-09,243
2021-05-10,261
2021-05-11,299
2021-05-12,304
2021-05-13,290
2021-05-14,383
2021-05-15,294
2021-05-16,314
2021-05-17,298
2021-05-18,340
2021-05-19,308
2021-05-20,355
2021-05-21,351
2021-05-22,349
2021-05-23,293
2021-05-24,298
2021-05-25,318
2021-05-26,303
2021-05-27,394
2021-05-28,318
2021-05-29,223
2021-05-30,248
2021-05-31,252
2021-06-01,327
2021-06-02,305
2021-06-03,268
2021-06-04,311
2021-06-05,332
2021-06-06,335
2021-06-07,354
2021-06-08,331
2021-06-09,324
2021-06-10,336
2021-06-11,321
2021-06-12,302
2021-06-13,310
2021-06-14,306
2021-06-15,343
2021-06-16,339
2021-06-17,359
2021-06-18,357
2021-06-19,342
2021-06-20,308
2021-06-21,342
2021-06-22,270
2021-06-23,315
2021-06-24,349
2021-06-25,348
2021-06-26,339
2021-06-27,312
2021-06-28,348
2021-06-29,328
2021-06-30,341
2021-07-01,294
2021-07-02,302
2021-07-03,266
2021-07-04,260
2021-07-05,298
2021-07-06,296
2021-07-07,303
2021-07-08,285
2021-07-09,317
2021-07-10,268
2021-07-11,242
2021-07-12,284
2021-07-13,280
2021-07-14,313
2021-07-15,345
2021-07-16,324
2021-07-17,312
2021-07-18,286
2021-07-19,304
2021-07-20,266
2021-07-21,306
2021-07-22,308
2021-07-23,298
2021-07-24,310
2021-07-25,296
2021-07-26,329
2021-07-27,292
2021-07-28,276
2021-07-29,299
2021-07-30,352
2021-07-31,332
2021-08-01,275
2021-08-02,306
2021-08-03,286
2021-08-04,263
2021-08-05,287
2021-08-06,335
2021-08-07,309
2021-08-08,293
2021-08-09,323
2021-08-10,307
2021-08-11,274
2021-08-12,263
2021-08-13,313
2021-08-14,281
2021-08-15,287
2021-08-16,270
2021-08-17,249
2021-08-18,304
2021-08-19,265
2021-08-20,301
2021-08-21,298
2021-08-22,236
2021-08-23,250
2021-08-24,310
2021-08-25,310
2021-08-26,320
2021-08-27,319
2021-08-28,281
2021-08-29,316
2021-08-30,298
2021-08-31,293
2021-09-01,282
2021-09-02,308
2021-09-03,306
2021-09-04,319
2021-09-05,254
2021-09-06,279
2021-09-07,296
2021-09-08,299
2021-09-09,268
2021-09-10,332
2021-09-11,304
2021-09-12,285
2021-09-13,352
2021-09-14,321
2021-09-15,320
2021-09-16,219
2021-09-17,333
2021-09-18,281
2021-09-19,300
2021-09-20,289
2021-09-21,291
2021-09-22,250
2021-09-23,303
2021-09-24,353
2021-09-25,332
2021-09-26,295
2021-09-27,302
2021-09-28,259
2021-09-29,322
2021-09-30,321
2021-10-01,354
2021-10-02,315
2021-10-03,309
2021-10-04,277
2021-10-05,302
2021-10-06,254
2021-10-07,358
2021-10-08,337
2021-10-09,260
2021-10-10,263
2021-10-11,291
2021-10-12,315
2021-10-13,304
2021-10-14,339
2021-10-15,361
2021-10-16,324
2021-10-17,303
2021-10-18,292
2021-10-19,279
2021-10-20,339
2021-10-21,308
2021-10-22,305
2021-10-23,258
2021-10-24,164
2021-10-25,238
2021-10-26,304
2021-10-27,296
2021-10-28,312
2021-10-29,324
2021-10-30,318
2021-10-31,335
2021-11-01,305
2021-11-02,264
2021-11-03,297
2021-11-04,287
2021-11-05,358
2021-11-06,303
2021-11-07,234
2021-11-08,308
2021-11-09,302
2021-11-10,314
2021-11-11,272
2021-11-12,330
2021-11-13,312
2021-11-14,254
2021-11-15,330
2021-11-16,296
2021-11-17,292
2021-11-18,335
2021-11-19,331
2021-11-20,281
2021-11-21,248
2021-11-22,293
2021-11-23,318
2021-11-24,338
2021-11-25,200
2021-11-26,241
2021-11-27,247
2021-11-28,245
2021-11-29,305
2021-11-30,261
2021-12-01,217
2021-12-02,291
2021-12-03,317
2021-12-04,266
2021-12-05,240
2021-12-06,320
2021-12-07,290
2021-12-08,271
2021-12-09,267
2021-12-10,274
2021-12-11,286
2021-12-12,252
2021-12-13,282
2021-12-14,301
2021-12-15,265
2021-12-16,285
2021-12-17,290
2021-12-18,291
2021-12-19,279
2021-12-20,276
2021-12-21,237
2021-12-22,257
2021-12-23,288
2021-12-24,255
2021-12-25,171
2021-12-26,169
2021-12-27,197
2021-12-28,204
2021-12-29,172
2021-12-30,207
2021-12-31,220
2022-01-01,251
2022-01-02,162
2022-01-03,190
2022-01-04,242
2022-01-05,284
2022-01-06,216
2022-01-07,278
2022-01-08,220
2022-01-09,216
2022-01-10,248
2022-01-11,237
2022-01-12,217
2022-01-13,251
2022-01-14,272
2022-01-15,218
2022-01-16,244
2022-01-17,188
2022-01-18,237
2022-01-19,241
2022-01-20,223
2022-01-21,268
2022-01-22,253
2022-01-23,217
2022-01-24,227
2022-01-25,218
2022-01-26,248
2022-01-27,251
2022-01-28,256
2022-01-29,251
2022-01-30,203
2022-01-31,277
2022-02-01,239
2022-02-02,244
2022-02-03,232
2022-02-04,267
2022-02-05,270
2022-02-06,234
2022-02-07,246
2022-02-08,242
2022-02-09,233
2022-02-10,264
2022-02-11,276
2022-02-12,220
2022-02-13,213
2022-02-14,282
2022-02-15,257
2022-02-16,248
2022-02-17,230
2022-02-18,257
2022-02-19,223
2022-02-20,236
2022-02-21,180
2022-02-22,219
2022-02-23,231
2022-02-24,202
2022-02-25,228
2022-02-26,212
2022-02-27,223
2022-02-28,255
2022-03-01,218
2022-03-02,234
2022-03-03,295
2022-03-04,300
2022-03-05,239
2022-03-06,213
2022-03-07,309
2022-03-08,234
2022-03-09,222
2022-03-10,252
2022-03-11,301
2022-03-12,235
2022-03-13,252
2022-03-14,291
2022-03-15,276
2022-03-16,287
2022-03-17,259
2022-03-18,336
2022-03-19,260
2022-03-20,235
2022-03-21,274
2022-03-22,264
2022-03-23,254
2022-03-24,249
2022-03-25,286
2022-03-26,273
2022-03-27,249
2022-03-28,276
2022-03-29,255
2022-03-30,264
2022-03-31,254
2022-04-01,269
2022-04-02,256
2022-04-03,238
2022-04-04,274
2022-04-05,236
2022-04-06,240
2022-04-07,257
2022-04-08,324
2022-04-09,272
2022-04-10,262
2022-04-11,264
2022-04-12,282
2022-04-13,275
2022-04-14,305
2022-04-15,268
2022-04-16,261
2022-04-17,220
2022-04-18,223
2022-04-19,245
2022-04-20,257
2022-04-21,222
2022-04-22,237
2022-04-23,266
2022-04-24,246
2022-04-25,203
2022-04-26,220
2022-04-27,282
2022-04-28,277
2022-04-29,323
2022-04-30,285
2022-05-01,249
2022-05-02,225
2022-05-03,221
2022-05-04,231
2022-05-05,308
2022-05-06,330
2022-05-07,271
2022-05-08,242
2022-05-09,265
2022-05-10,265
2022-05-11,282
2022-05-12,268
2022-05-13,301
2022-05-14,242
2022-05-15,186
2022-05-16,167
2022-05-17,251
2022-05-18,302
2022-05-19,292
2022-05-20,297
2022-05-21,324
2022-05-22,297
2022-05-23,313
2022-05-24,252
2022-05-25,284
2022-05-26,243
2022-05-27,294
2022-05-28,269
2022-05-29,254
2022-05-30,236
2022-05-31,331
2022-06-01,291
2022-06-02,300
2022-06-03,297
2022-06-04,250
2022-06-05,279
2022-06-06,262
2022-06-07,253
2022-06-08,281
2022-06-09,289
2022-06-10,343
2022-06-11,286
2022-06-12,249
2022-06-13,283
2022-06-14,263
2022-06-15,306
2022-06-16,255
2022-06-17,328
2022-06-18,296
2022-06-19,273
2022-06-20,242
2022-06-21,283
2022-06-22,221
2022-06-23,274
2022-06-24,294
2022-06-25,320
2022-06-26,316
2022-06-27,287
2022-06-28,264
2022-06-29,277
2022-06-30,297
2022-07-01,294
2022-07-02,258
2022-07-03,235
2022-07-04,239
2022-07-05,264
2022-07-06,257
2022-07-07,252
2022-07-08,279
2022-07-09,245
2022-07-10,233
2022-07-11,244
2022-07-12,238
2022-07-13,282
2022-07-14,246
2022-07-15,277
2022-07-16,232
2022-07-17,259
2022-07-18,287
2022-07-19,259
2022-07-20,267
2022-07-21,265
2022-07-22,298
2022-07-23,278
2022-07-24,247
2022-07-25,260
2022-07-26,253
2022-07-27,265
2022-07-28,275
2022-07-29,283
2022-07-30,284
2022-07-31,267
2022-08-01,272
2022-08-02,270
2022-08-03,306
2022-08-04,277
2022-08-05,301
2022-08-06,296
2022-08-07,248
2022-08-08,281
2022-08-09,267
2022-08-10,240
2022-08-11,266
2022-08-12,327
2022-08-13,286
2022-08-14,279
2022-08-15,224
2022-08-16,270
2022-08-17,232
2022-08-18,257
2022-08-19,265
2022-08-20,291
2022-08-21,247
2022-08-22,227
2022-08-23,257
2022-08-24,210
2022-08-25,243
2022-08-26,273
2022-08-27,281
2022-08-28,265
2022-08-29,234
2022-08-30,268
2022-08-31,260
2022-09-01,280
2022-09-02,263
2022-09-03,276
2022-09-04,231
2022-09-05,236
2022-09-06,312
2022-09-07,241
2022-09-08,268
2022-09-09,335
2022-09-10,252
2022-09-11,238
2022-09-12,295
2022-09-13,312
2022-09-14,281
2022-09-15,305
2022-09-16,327
2022-09-17,236
2022-09-18,270
2022-09-19,263
2022-09-20,268
2022-09-21,320
2022-09-22,258
2022-09-23,304
2022-09-24,269
2022-09-25,263
2022-09-26,244
2022-09-27,209
2022-09-28,270
2022-09-29,286
2022-09-30,302
2022-10-01,299
2022-10-02,229
2022-10-03,295
2022-10-04,236
2022-10-05,227
2022-10-06,289
2022-10-07,286
2022-10-08,276
2022-10-09,228
2022-10-10,193
2022-10-11,256
2022-10-12,281
2022-10-13,280
2022-10-14,316
2022-10-15,252
2022-10-16,226
2022-10-17,240
2022-10-18,228
2022-10-19,259
2022-10-20,277
2022-10-21,303
2022-10-22,295
2022-10-23,212
2022-10-24,259
2022-10-25,268
2022-10-26,241
2022-10-27,286
2022-10-28,270
2022-10-29,285
2022-10-30,260
2022-10-31,251
2022-11-01,256
2022-11-02,302
2022-11-03,296
2022-11-04,258
2022-11-05,266
2022-11-06,204
2022-11-07,247
2022-11-08,198
2022-11-09,232
2022-11-10,240
2022-11-11,287
2022-11-12,238
2022-11-13,212
2022-11-14,236
2022-11-15,270
2022-11-16,262
2022-11-17,262
2022-11-18,248
2022-11-19,276
2022-11-20,209
2022-11-21,257
2022-11-22,249
2022-11-23,242
2022-11-24,145
2022-11-25,181
2022-11-26,178
2022-11-27,182
2022-11-28,173
2022-11-29,158
